base_name,mean_score,std_score,mean_confidence,std_confidence,sample_size,score_cv,confidence_cv
2025-01-29_17-41-03_076e2825a7274661bd0697c42d6fa4c0__1920x1088@25fps-28q_merged_frame_0041_arena_1_20250307_110526_950,3.266666666666666,4.186088070422471,3.783333333333333,4.95084167928377,3,128.14555317619812,130.85925143481333
2025-01-29_17-41-03_076e2825a7274661bd0697c42d6fa4c0__1920x1088@25fps-28q_merged_frame_0050_arena_3_20250307_110538_455,1.0,,0.99,,1,,
2025-01-29_17-41-03_076e2825a7274661bd0697c42d6fa4c0__1920x1088@25fps-28q_merged_frame_0021_arena_1_20250307_110450_165,0.9666666666666667,0.05773502691896257,0.9833333333333334,0.028867513459481315,3,5.972588991616817,2.9356793348625065
2025-01-29_17-41-03_076e2825a7274661bd0697c42d6fa4c0__1920x1088@25fps-28q_merged_frame_0059_arena_1_20250307_110549_066,0.95,0.07071067811865474,0.925,0.03535533905932733,2,7.443229275647867,3.8221988172245758
2025-01-29_17-41-03_076e2825a7274661bd0697c42d6fa4c0__1920x1088@25fps-28q_merged_frame_0027_arena_6_20250307_110500_754,0.95,0.07071067811865474,0.97,0.028284271247461926,2,7.443229275647867,2.9159042523156624
2025-01-29_17-41-03_076e2825a7274661bd0697c42d6fa4c0__1920x1088@25fps-28q_merged_frame_0076_arena_6_20250307_110609_051,0.95,0.07071067811865474,0.975,0.03535533905932741,2,7.443229275647867,3.6261886214694785
2025-01-29_17-41-03_076e2825a7274661bd0697c42d6fa4c0__1920x1088@25fps-28q_merged_frame_0001_arena_2_20250307_110416_791,0.95,0.07071067811865474,0.975,0.03535533905932741,2,7.443229275647867,3.6261886214694785
2025-01-29_17-41-03_076e2825a7274661bd0697c42d6fa4c0__1920x1088@25fps-28q_merged_frame_0062_arena_5_20250307_110552_673,0.95,0.07071067811865474,0.975,0.03535533905932741,2,7.443229275647867,3.6261886214694785
2025-01-29_17-41-03_076e2825a7274661bd0697c42d6fa4c0__1920x1088@25fps-28q_merged_frame_0040_arena_1_20250307_110524_747,0.95,0.07071067811865474,0.875,0.10606601717798207,2,7.443229275647867,12.121830534626522
2025-01-29_17-41-03_076e2825a7274661bd0697c42d6fa4c0__1920x1088@25fps-28q_merged_frame_0032_arena_4_20250307_110509_412,0.94,0.056568542494923775,0.95,0.0,2,6.017930052651465,0.0
2025-01-29_17-41-03_076e2825a7274661bd0697c42d6fa4c0__1920x1088@25fps-28q_merged_frame_0051_arena_5_20250307_110539_569,0.9333333333333332,0.05773502691896257,0.98,0.026457513110645932,3,6.1858957413174185,2.6997462357801973
2025-01-29_17-41-03_076e2825a7274661bd0697c42d6fa4c0__1920x1088@25fps-28q_merged_frame_0030_arena_3_20250307_110506_951,0.9333333333333332,0.05773502691896257,0.9500000000000001,0.04999999999999999,3,6.1858957413174185,5.263157894736841
2025-01-29_17-41-03_076e2825a7274661bd0697c42d6fa4c0__1920x1088@25fps-28q_merged_frame_0033_arena_3_20250307_110510_814,0.9333333333333332,0.05773502691896257,0.9166666666666666,0.1040832999733066,3,6.1858957413174185,11.354541815269812
2025-01-29_17-41-03_076e2825a7274661bd0697c42d6fa4c0__1920x1088@25fps-28q_merged_frame_0016_arena_5_20250307_110442_456,0.9333333333333332,0.05773502691896257,0.9666666666666667,0.028867513459481315,3,6.1858957413174185,2.9862944958084117
2025-01-29_17-41-03_076e2825a7274661bd0697c42d6fa4c0__1920x1088@25fps-28q_merged_frame_0083_arena_6_20250307_110618_465,0.9333333333333332,0.05773502691896257,0.8833333333333333,0.07637626158259729,3,6.1858957413174185,8.646369235765732
2025-01-29_17-41-03_076e2825a7274661bd0697c42d6fa4c0__1920x1088@25fps-28q_merged_frame_0044_arena_4_20250307_110531_212,0.9333333333333332,0.05773502691896257,0.9666666666666667,0.028867513459481315,3,6.1858957413174185,2.9862944958084117
2025-01-29_17-41-03_076e2825a7274661bd0697c42d6fa4c0__1920x1088@25fps-28q_merged_frame_0021_arena_3_20250307_110450_165,0.92,,0.95,,1,,
2025-01-29_17-41-03_076e2825a7274661bd0697c42d6fa4c0__1920x1088@25fps-28q_merged_frame_0034_arena_2_20250307_110512_168,0.9,0.0,0.9666666666666667,0.028867513459481315,3,0.0,2.9862944958084117
2025-01-29_17-41-03_076e2825a7274661bd0697c42d6fa4c0__1920x1088@25fps-28q_merged_frame_0073_arena_6_20250307_110605_437,0.9,,0.95,,1,,
2025-01-29_17-41-03_076e2825a7274661bd0697c42d6fa4c0__1920x1088@25fps-28q_merged_frame_0023_arena_1_20250307_110453_213,0.9,,0.95,,1,,
2025-01-29_17-41-03_076e2825a7274661bd0697c42d6fa4c0__1920x1088@25fps-28q_merged_frame_0031_arena_1_20250307_110508_179,0.9,0.0,0.875,0.10606601717798207,2,0.0,12.121830534626522
2025-01-29_17-41-03_076e2825a7274661bd0697c42d6fa4c0__1920x1088@25fps-28q_merged_frame_0044_arena_2_20250307_110531_212,0.9,0.0,0.875,0.10606601717798207,2,0.0,12.121830534626522
2025-01-29_17-41-03_076e2825a7274661bd0697c42d6fa4c0__1920x1088@25fps-28q_merged_frame_0042_arena_1_20250307_110528_268,0.9,,0.95,,1,,
2025-01-29_17-41-03_076e2825a7274661bd0697c42d6fa4c0__1920x1088@25fps-28q_merged_frame_0010_arena_4_20250307_110429_209,0.9,0.09999999999999998,0.9166666666666666,0.028867513459481253,3,11.111111111111107,3.1491832864888636
2025-01-29_17-41-03_076e2825a7274661bd0697c42d6fa4c0__1920x1088@25fps-28q_merged_frame_0011_arena_4_20250307_110431_795,0.9,,0.95,,1,,
2025-01-29_17-41-03_076e2825a7274661bd0697c42d6fa4c0__1920x1088@25fps-28q_merged_frame_0060_arena_6_20250307_110550_258,0.9,,0.98,,1,,
2025-01-29_17-41-03_076e2825a7274661bd0697c42d6fa4c0__1920x1088@25fps-28q_merged_frame_0039_arena_5_20250307_110521_874,0.9,0.0,0.875,0.10606601717798207,2,0.0,12.121830534626522
2025-01-29_17-41-03_076e2825a7274661bd0697c42d6fa4c0__1920x1088@25fps-28q_merged_frame_0086_arena_1_20250307_110622_528,0.9,,0.95,,1,,
2025-01-29_17-41-03_076e2825a7274661bd0697c42d6fa4c0__1920x1088@25fps-28q_merged_frame_0075_arena_2_20250307_110607_898,0.9,,0.95,,1,,
2025-01-29_17-41-03_076e2825a7274661bd0697c42d6fa4c0__1920x1088@25fps-28q_merged_frame_0018_arena_3_20250307_110445_720,0.9,0.0,0.965,0.021213203435596444,2,0.0,2.19825942337787
2025-01-29_17-41-03_076e2825a7274661bd0697c42d6fa4c0__1920x1088@25fps-28q_merged_frame_0053_arena_6_20250307_110542_213,0.9,,0.95,,1,,
2025-01-29_17-41-03_076e2825a7274661bd0697c42d6fa4c0__1920x1088@25fps-28q_merged_frame_0016_arena_3_20250307_110442_456,0.9,0.0,0.95,0.0,2,0.0,0.0
2025-01-29_17-41-03_076e2825a7274661bd0697c42d6fa4c0__1920x1088@25fps-28q_merged_frame_0084_arena_1_20250307_110619_660,0.9,0.0,0.9,0.08660254037844381,3,0.0,9.622504486493757
2025-01-29_17-41-03_076e2825a7274661bd0697c42d6fa4c0__1920x1088@25fps-28q_merged_frame_0012_arena_3_20250307_110433_936,0.9,,0.95,,1,,
2025-01-29_17-41-03_076e2825a7274661bd0697c42d6fa4c0__1920x1088@25fps-28q_merged_frame_0065_arena_2_20250307_110556_226,0.9,,0.8,,1,,
2025-01-29_17-41-03_076e2825a7274661bd0697c42d6fa4c0__1920x1088@25fps-28q_merged_frame_0081_arena_4_20250307_110616_153,0.9,0.0,0.94,0.056568542494923775,2,0.0,6.017930052651465
2025-01-29_17-41-03_076e2825a7274661bd0697c42d6fa4c0__1920x1088@25fps-28q_merged_frame_0008_arena_3_20250307_110426_460,0.9,0.14142135623730948,0.9199999999999999,0.09899494936611666,2,15.71348402636772,10.76032058327355
2025-01-29_17-41-03_076e2825a7274661bd0697c42d6fa4c0__1920x1088@25fps-28q_merged_frame_0071_arena_4_20250307_110603_178,0.9,,0.95,,1,,
2025-01-29_17-41-03_076e2825a7274661bd0697c42d6fa4c0__1920x1088@25fps-28q_merged_frame_0020_arena_5_20250307_110448_906,0.9,,0.95,,1,,
2025-01-29_17-41-03_076e2825a7274661bd0697c42d6fa4c0__1920x1088@25fps-28q_merged_frame_0002_arena_3_20250307_110417_988,0.9,0.09999999999999998,0.9500000000000001,0.04999999999999999,3,11.111111111111107,5.263157894736841
2025-01-29_17-41-03_076e2825a7274661bd0697c42d6fa4c0__1920x1088@25fps-28q_merged_frame_0010_arena_1_20250307_110429_209,0.9,0.09999999999999998,0.9500000000000001,0.04999999999999999,3,11.111111111111107,5.263157894736841
2025-01-29_17-41-03_076e2825a7274661bd0697c42d6fa4c0__1920x1088@25fps-28q_merged_frame_0012_arena_5_20250307_110433_936,0.9,,0.95,,1,,
2025-01-29_17-41-03_076e2825a7274661bd0697c42d6fa4c0__1920x1088@25fps-28q_merged_frame_0022_arena_2_20250307_110451_641,0.9,0.0,0.875,0.10606601717798207,2,0.0,12.121830534626522
2025-01-29_17-41-03_076e2825a7274661bd0697c42d6fa4c0__1920x1088@25fps-28q_merged_frame_0027_arena_4_20250307_110500_754,0.9,0.0,0.9499999999999998,1.3597399555105182e-16,3,0.0,1.4313052163268617e-14
2025-01-29_17-41-03_076e2825a7274661bd0697c42d6fa4c0__1920x1088@25fps-28q_merged_frame_0015_arena_3_20250307_110439_817,0.9,0.0,0.9733333333333333,0.020816659994661344,3,0.0,2.1386979446569874
2025-01-29_17-41-03_076e2825a7274661bd0697c42d6fa4c0__1920x1088@25fps-28q_merged_frame_0015_arena_6_20250307_110439_817,0.9,0.0,0.95,0.0,2,0.0,0.0
2025-01-29_17-41-03_076e2825a7274661bd0697c42d6fa4c0__1920x1088@25fps-28q_merged_frame_0017_arena_4_20250307_110444_137,0.9,0.0,0.9,0.08660254037844381,3,0.0,9.622504486493757
2025-01-29_17-41-03_076e2825a7274661bd0697c42d6fa4c0__1920x1088@25fps-28q_merged_frame_0047_arena_1_20250307_110534_943,0.9,,0.95,,1,,
2025-01-29_17-41-03_076e2825a7274661bd0697c42d6fa4c0__1920x1088@25fps-28q_merged_frame_0050_arena_6_20250307_110538_455,0.9,0.0,0.9333333333333332,0.028867513459481253,3,0.0,3.092947870658706
2025-01-29_17-41-03_076e2825a7274661bd0697c42d6fa4c0__1920x1088@25fps-28q_merged_frame_0002_arena_2_20250307_110417_988,0.9,0.0,0.95,0.0,2,0.0,0.0
2025-01-29_17-41-03_076e2825a7274661bd0697c42d6fa4c0__1920x1088@25fps-28q_merged_frame_0070_arena_4_20250307_110601_980,0.9,,0.95,,1,,
2025-01-29_17-41-03_076e2825a7274661bd0697c42d6fa4c0__1920x1088@25fps-28q_merged_frame_0013_arena_4_20250307_110435_902,0.9,0.0,0.875,0.10606601717798207,2,0.0,12.121830534626522
2025-01-29_17-41-03_076e2825a7274661bd0697c42d6fa4c0__1920x1088@25fps-28q_merged_frame_0064_arena_2_20250307_110554_969,0.9,0.14142135623730948,0.975,0.03535533905932741,2,15.71348402636772,3.6261886214694785
2025-01-29_17-41-03_076e2825a7274661bd0697c42d6fa4c0__1920x1088@25fps-28q_merged_frame_0028_arena_4_20250307_110503_183,0.9,0.0,0.94,0.03605551275463986,3,0.0,3.8356928462382833
2025-01-29_17-41-03_076e2825a7274661bd0697c42d6fa4c0__1920x1088@25fps-28q_merged_frame_0046_arena_5_20250307_110533_714,0.9,,0.95,,1,,
2025-01-29_17-41-03_076e2825a7274661bd0697c42d6fa4c0__1920x1088@25fps-28q_merged_frame_0010_arena_3_20250307_110429_209,0.9,0.0,0.9499999999999998,1.3597399555105182e-16,3,0.0,1.4313052163268617e-14
2025-01-29_17-41-03_076e2825a7274661bd0697c42d6fa4c0__1920x1088@25fps-28q_merged_frame_0047_arena_5_20250307_110534_943,0.9,,0.9,,1,,
2025-01-29_17-41-03_076e2825a7274661bd0697c42d6fa4c0__1920x1088@25fps-28q_merged_frame_0046_arena_1_20250307_110533_714,0.9,0.0,0.965,0.021213203435596444,2,0.0,2.19825942337787
2025-01-29_17-41-03_076e2825a7274661bd0697c42d6fa4c0__1920x1088@25fps-28q_merged_frame_0085_arena_4_20250307_110621_270,0.9,,0.8,,1,,
2025-01-29_17-41-03_076e2825a7274661bd0697c42d6fa4c0__1920x1088@25fps-28q_merged_frame_0051_arena_4_20250307_110539_569,0.9,0.0,0.9666666666666667,0.028867513459481315,3,0.0,2.9862944958084117
2025-01-29_17-41-03_076e2825a7274661bd0697c42d6fa4c0__1920x1088@25fps-28q_merged_frame_0057_arena_3_20250307_110546_828,0.9,0.0,0.9166666666666666,0.05773502691896256,3,0.0,6.298366572977734
2025-01-29_17-41-03_076e2825a7274661bd0697c42d6fa4c0__1920x1088@25fps-28q_merged_frame_0019_arena_4_20250307_110447_168,0.9,,0.95,,1,,
2025-01-29_17-41-03_076e2825a7274661bd0697c42d6fa4c0__1920x1088@25fps-28q_merged_frame_0023_arena_2_20250307_110453_213,0.9,0.0,0.9499999999999998,1.3597399555105182e-16,3,0.0,1.4313052163268617e-14
2025-01-29_17-41-03_076e2825a7274661bd0697c42d6fa4c0__1920x1088@25fps-28q_merged_frame_0052_arena_3_20250307_110540_678,0.9,,0.95,,1,,
2025-01-29_17-41-03_076e2825a7274661bd0697c42d6fa4c0__1920x1088@25fps-28q_merged_frame_0059_arena_4_20250307_110549_066,0.9,0.09999999999999998,0.6166666666666667,0.5346338310781813,3,11.111111111111107,86.69737801267804
2025-01-29_17-41-03_076e2825a7274661bd0697c42d6fa4c0__1920x1088@25fps-28q_merged_frame_0053_arena_2_20250307_110542_213,0.9,0.09999999999999998,0.9666666666666667,0.028867513459481315,3,11.111111111111107,2.9862944958084117
2025-01-29_17-41-03_076e2825a7274661bd0697c42d6fa4c0__1920x1088@25fps-28q_merged_frame_0038_arena_1_20250307_110519_535,0.9,0.0,0.95,0.0,2,0.0,0.0
2025-01-29_17-41-03_076e2825a7274661bd0697c42d6fa4c0__1920x1088@25fps-28q_merged_frame_0077_arena_4_20250307_110610_189,0.9,0.0,0.9333333333333332,0.028867513459481253,3,0.0,3.092947870658706
2025-01-29_17-41-03_076e2825a7274661bd0697c42d6fa4c0__1920x1088@25fps-28q_merged_frame_0023_arena_3_20250307_110453_213,0.9,0.0,0.95,0.0,2,0.0,0.0
2025-01-29_17-41-03_076e2825a7274661bd0697c42d6fa4c0__1920x1088@25fps-28q_merged_frame_0063_arena_6_20250307_110553_859,0.9,0.0,0.95,0.0,2,0.0,0.0
2025-01-29_17-41-03_076e2825a7274661bd0697c42d6fa4c0__1920x1088@25fps-28q_merged_frame_0006_arena_3_20250307_110422_826,0.9,0.0,0.95,0.0,2,0.0,0.0
2025-01-29_17-41-03_076e2825a7274661bd0697c42d6fa4c0__1920x1088@25fps-28q_merged_frame_0041_arena_6_20250307_110526_950,0.9,0.14142135623730948,0.975,0.03535533905932741,2,15.71348402636772,3.6261886214694785
2025-01-29_17-41-03_076e2825a7274661bd0697c42d6fa4c0__1920x1088@25fps-28q_merged_frame_0001_arena_1_20250307_110416_791,0.9,0.0,0.9633333333333333,0.023094010767585053,3,0.0,2.397302155804677
2025-01-29_17-41-03_076e2825a7274661bd0697c42d6fa4c0__1920x1088@25fps-28q_merged_frame_0013_arena_5_20250307_110435_902,0.9,0.0,0.8999999999999999,0.07071067811865474,2,0.0,7.856742013183861
2025-01-29_17-41-03_076e2825a7274661bd0697c42d6fa4c0__1920x1088@25fps-28q_merged_frame_0018_arena_4_20250307_110445_720,0.89,0.08544003745317527,0.9333333333333332,0.028867513459481253,3,9.600004208221941,3.092947870658706
2025-01-29_17-41-03_076e2825a7274661bd0697c42d6fa4c0__1920x1088@25fps-28q_merged_frame_0067_arena_6_20250307_110558_466,0.89,0.12727922061357852,0.925,0.03535533905932733,2,14.301036023997588,3.8221988172245758
2025-01-29_17-41-03_076e2825a7274661bd0697c42d6fa4c0__1920x1088@25fps-28q_merged_frame_0020_arena_4_20250307_110448_906,0.8833333333333333,0.07637626158259729,0.9166666666666666,0.028867513459481253,3,8.646369235765732,3.1491832864888636
2025-01-29_17-41-03_076e2825a7274661bd0697c42d6fa4c0__1920x1088@25fps-28q_merged_frame_0018_arena_6_20250307_110445_720,0.8833333333333333,0.07637626158259729,0.9166666666666666,0.028867513459481253,3,8.646369235765732,3.1491832864888636
2025-01-29_17-41-03_076e2825a7274661bd0697c42d6fa4c0__1920x1088@25fps-28q_merged_frame_0026_arena_6_20250307_110458_787,0.8833333333333333,0.07637626158259729,0.9466666666666667,0.04509249752822893,3,8.646369235765732,4.763291992418549
2025-01-29_17-41-03_076e2825a7274661bd0697c42d6fa4c0__1920x1088@25fps-28q_merged_frame_0049_arena_4_20250307_110537_312,0.875,0.10606601717798207,0.825,0.1767766952966369,2,12.121830534626522,21.42747821777417
2025-01-29_17-41-03_076e2825a7274661bd0697c42d6fa4c0__1920x1088@25fps-28q_merged_frame_0011_arena_5_20250307_110431_795,0.875,0.03535533905932741,0.95,0.0,2,4.040610178208847,0.0
2025-01-29_17-41-03_076e2825a7274661bd0697c42d6fa4c0__1920x1088@25fps-28q_merged_frame_0046_arena_6_20250307_110533_714,0.875,0.10606601717798207,0.875,0.03535533905932741,2,12.121830534626522,4.040610178208847
2025-01-29_17-41-03_076e2825a7274661bd0697c42d6fa4c0__1920x1088@25fps-28q_merged_frame_0066_arena_1_20250307_110557_338,0.875,0.03535533905932741,0.95,0.0,2,4.040610178208847,0.0
2025-01-29_17-41-03_076e2825a7274661bd0697c42d6fa4c0__1920x1088@25fps-28q_merged_frame_0087_arena_2_20250307_110623_891,0.875,0.03535533905932741,0.875,0.10606601717798207,2,4.040610178208847,12.121830534626522
2025-01-29_17-41-03_076e2825a7274661bd0697c42d6fa4c0__1920x1088@25fps-28q_merged_frame_0031_arena_5_20250307_110508_179,0.875,0.03535533905932741,0.95,0.0,2,4.040610178208847,0.0
2025-01-29_17-41-03_076e2825a7274661bd0697c42d6fa4c0__1920x1088@25fps-28q_merged_frame_0003_arena_6_20250307_110419_228,0.8666666666666667,0.05773502691896257,0.94,0.017320508075688724,3,6.661733875264911,1.8426072420945454
2025-01-29_17-41-03_076e2825a7274661bd0697c42d6fa4c0__1920x1088@25fps-28q_merged_frame_0025_arena_6_20250307_110456_529,0.8666666666666667,0.11547005383792512,0.9666666666666667,0.028867513459481315,3,13.323467750529822,2.9862944958084117
2025-01-29_17-41-03_076e2825a7274661bd0697c42d6fa4c0__1920x1088@25fps-28q_merged_frame_0022_arena_4_20250307_110451_641,0.8666666666666667,0.05773502691896256,0.9333333333333332,0.028867513459481253,3,6.661733875264911,3.092947870658706
2025-01-29_17-41-03_076e2825a7274661bd0697c42d6fa4c0__1920x1088@25fps-28q_merged_frame_0038_arena_6_20250307_110519_535,0.8666666666666667,0.05773502691896257,0.9333333333333332,0.02886751345948125,3,6.661733875264911,3.0929478706587057
2025-01-29_17-41-03_076e2825a7274661bd0697c42d6fa4c0__1920x1088@25fps-28q_merged_frame_0062_arena_2_20250307_110552_673,0.8666666666666667,0.05773502691896257,0.9166666666666666,0.05773502691896257,3,6.661733875264911,6.298366572977734
2025-01-29_17-41-03_076e2825a7274661bd0697c42d6fa4c0__1920x1088@25fps-28q_merged_frame_0050_arena_4_20250307_110538_455,0.8666666666666667,0.05773502691896256,0.9166666666666666,0.05773502691896256,3,6.661733875264911,6.298366572977734
2025-01-29_17-41-03_076e2825a7274661bd0697c42d6fa4c0__1920x1088@25fps-28q_merged_frame_0032_arena_5_20250307_110509_412,0.8666666666666667,0.05773502691896256,0.9333333333333332,0.028867513459481253,3,6.661733875264911,3.092947870658706
2025-01-29_17-41-03_076e2825a7274661bd0697c42d6fa4c0__1920x1088@25fps-28q_merged_frame_0091_arena_6_20250307_110629_660,0.8666666666666667,0.05773502691896256,0.9333333333333332,0.028867513459481253,3,6.661733875264911,3.092947870658706
2025-01-29_17-41-03_076e2825a7274661bd0697c42d6fa4c0__1920x1088@25fps-28q_merged_frame_0015_arena_1_20250307_110439_817,0.8666666666666667,0.11547005383792512,0.9333333333333332,0.05773502691896257,3,13.323467750529822,6.1858957413174185
2025-01-29_17-41-03_076e2825a7274661bd0697c42d6fa4c0__1920x1088@25fps-28q_merged_frame_0014_arena_5_20250307_110437_738,0.8666666666666667,0.05773502691896256,0.9333333333333332,0.028867513459481253,3,6.661733875264911,3.092947870658706
2025-01-29_17-41-03_076e2825a7274661bd0697c42d6fa4c0__1920x1088@25fps-28q_merged_frame_0050_arena_2_20250307_110538_455,0.8666666666666667,0.05773502691896256,0.9333333333333332,0.028867513459481253,3,6.661733875264911,3.092947870658706
2025-01-29_17-41-03_076e2825a7274661bd0697c42d6fa4c0__1920x1088@25fps-28q_merged_frame_0042_arena_5_20250307_110528_268,0.8666666666666667,0.05773502691896257,0.9333333333333332,0.02886751345948125,3,6.661733875264911,3.0929478706587057
2025-01-29_17-41-03_076e2825a7274661bd0697c42d6fa4c0__1920x1088@25fps-28q_merged_frame_0030_arena_2_20250307_110506_951,0.8666666666666667,0.05773502691896256,0.9333333333333332,0.028867513459481253,3,6.661733875264911,3.092947870658706
2025-01-29_17-41-03_076e2825a7274661bd0697c42d6fa4c0__1920x1088@25fps-28q_merged_frame_0078_arena_5_20250307_110612_197,0.8666666666666667,0.05773502691896257,0.8833333333333333,0.07637626158259729,3,6.661733875264911,8.646369235765732
2025-01-29_17-41-03_076e2825a7274661bd0697c42d6fa4c0__1920x1088@25fps-28q_merged_frame_0081_arena_2_20250307_110616_153,0.8666666666666667,0.05773502691896256,0.9333333333333332,0.028867513459481253,3,6.661733875264911,3.092947870658706
2025-01-29_17-41-03_076e2825a7274661bd0697c42d6fa4c0__1920x1088@25fps-28q_merged_frame_0083_arena_3_20250307_110618_465,0.8666666666666667,0.05773502691896256,0.9333333333333332,0.028867513459481253,3,6.661733875264911,3.092947870658706
2025-01-29_17-41-03_076e2825a7274661bd0697c42d6fa4c0__1920x1088@25fps-28q_merged_frame_0056_arena_6_20250307_110545_647,0.8666666666666667,0.05773502691896256,0.9333333333333332,0.028867513459481253,3,6.661733875264911,3.092947870658706
2025-01-29_17-41-03_076e2825a7274661bd0697c42d6fa4c0__1920x1088@25fps-28q_merged_frame_0039_arena_3_20250307_110521_874,0.8666666666666667,0.05773502691896256,0.8833333333333333,0.07637626158259729,3,6.661733875264911,8.646369235765732
2025-01-29_17-41-03_076e2825a7274661bd0697c42d6fa4c0__1920x1088@25fps-28q_merged_frame_0061_arena_2_20250307_110551_476,0.8666666666666667,0.05773502691896256,0.9166666666666666,0.05773502691896257,3,6.661733875264911,6.298366572977734
2025-01-29_17-41-03_076e2825a7274661bd0697c42d6fa4c0__1920x1088@25fps-28q_merged_frame_0020_arena_2_20250307_110448_906,0.8666666666666667,0.05773502691896256,0.9333333333333332,0.028867513459481253,3,6.661733875264911,3.092947870658706
2025-01-29_17-41-03_076e2825a7274661bd0697c42d6fa4c0__1920x1088@25fps-28q_merged_frame_0027_arena_5_20250307_110500_754,0.8666666666666667,0.05773502691896257,0.9,0.08660254037844381,3,6.661733875264911,9.622504486493757
2025-01-29_17-41-03_076e2825a7274661bd0697c42d6fa4c0__1920x1088@25fps-28q_merged_frame_0087_arena_3_20250307_110623_891,0.8666666666666667,0.05773502691896256,0.8833333333333333,0.07637626158259729,3,6.661733875264911,8.646369235765732
2025-01-29_17-41-03_076e2825a7274661bd0697c42d6fa4c0__1920x1088@25fps-28q_merged_frame_0034_arena_4_20250307_110512_168,0.8666666666666667,0.11547005383792512,0.9333333333333332,0.05773502691896257,3,13.323467750529822,6.1858957413174185
2025-01-29_17-41-03_076e2825a7274661bd0697c42d6fa4c0__1920x1088@25fps-28q_merged_frame_0058_arena_2_20250307_110547_958,0.8666666666666667,0.05773502691896256,0.9333333333333332,0.028867513459481253,3,6.661733875264911,3.092947870658706
2025-01-29_17-41-03_076e2825a7274661bd0697c42d6fa4c0__1920x1088@25fps-28q_merged_frame_0072_arena_3_20250307_110604_297,0.8666666666666667,0.05773502691896256,0.8833333333333333,0.07637626158259729,3,6.661733875264911,8.646369235765732
2025-01-29_17-41-03_076e2825a7274661bd0697c42d6fa4c0__1920x1088@25fps-28q_merged_frame_0063_arena_1_20250307_110553_859,0.8666666666666667,0.05773502691896257,0.9333333333333332,0.02886751345948125,3,6.661733875264911,3.0929478706587057
2025-01-29_17-41-03_076e2825a7274661bd0697c42d6fa4c0__1920x1088@25fps-28q_merged_frame_0058_arena_4_20250307_110547_958,0.8666666666666667,0.05773502691896257,0.9166666666666666,0.028867513459481253,3,6.661733875264911,3.1491832864888636
2025-01-29_17-41-03_076e2825a7274661bd0697c42d6fa4c0__1920x1088@25fps-28q_merged_frame_0061_arena_4_20250307_110551_476,0.8666666666666667,0.05773502691896256,0.9333333333333332,0.028867513459481253,3,6.661733875264911,3.092947870658706
2025-01-29_17-41-03_076e2825a7274661bd0697c42d6fa4c0__1920x1088@25fps-28q_merged_frame_0049_arena_3_20250307_110537_312,0.8666666666666667,0.05773502691896256,0.9666666666666667,0.028867513459481315,3,6.661733875264911,2.9862944958084117
2025-01-29_17-41-03_076e2825a7274661bd0697c42d6fa4c0__1920x1088@25fps-28q_merged_frame_0042_arena_3_20250307_110528_268,0.8666666666666667,0.05773502691896256,0.9333333333333332,0.028867513459481253,3,6.661733875264911,3.092947870658706
2025-01-29_17-41-03_076e2825a7274661bd0697c42d6fa4c0__1920x1088@25fps-28q_merged_frame_0027_arena_2_20250307_110500_754,0.8666666666666667,0.05773502691896256,0.9333333333333332,0.028867513459481253,3,6.661733875264911,3.092947870658706
2025-01-29_17-41-03_076e2825a7274661bd0697c42d6fa4c0__1920x1088@25fps-28q_merged_frame_0066_arena_3_20250307_110557_338,0.8666666666666667,0.05773502691896256,0.9499999999999998,1.3597399555105182e-16,3,6.661733875264911,1.4313052163268617e-14
2025-01-29_17-41-03_076e2825a7274661bd0697c42d6fa4c0__1920x1088@25fps-28q_merged_frame_0065_arena_4_20250307_110556_226,0.8666666666666667,0.11547005383792514,0.8966666666666666,0.09504384952922165,3,13.323467750529822,10.599685821102787
2025-01-29_17-41-03_076e2825a7274661bd0697c42d6fa4c0__1920x1088@25fps-28q_merged_frame_0048_arena_2_20250307_110536_142,0.8666666666666667,0.05773502691896256,0.8833333333333333,0.07637626158259729,3,6.661733875264911,8.646369235765732
2025-01-29_17-41-03_076e2825a7274661bd0697c42d6fa4c0__1920x1088@25fps-28q_merged_frame_0014_arena_2_20250307_110437_738,0.8666666666666667,0.05773502691896257,0.8333333333333334,0.05773502691896257,3,6.661733875264911,6.928203230275508
2025-01-29_17-41-03_076e2825a7274661bd0697c42d6fa4c0__1920x1088@25fps-28q_merged_frame_0054_arena_6_20250307_110543_405,0.8666666666666667,0.05773502691896256,0.9,0.08660254037844381,3,6.661733875264911,9.622504486493757
2025-01-29_17-41-03_076e2825a7274661bd0697c42d6fa4c0__1920x1088@25fps-28q_merged_frame_0010_arena_2_20250307_110429_209,0.8666666666666667,0.11547005383792512,0.9333333333333332,0.05773502691896257,3,13.323467750529822,6.1858957413174185
2025-01-29_17-41-03_076e2825a7274661bd0697c42d6fa4c0__1920x1088@25fps-28q_merged_frame_0041_arena_4_20250307_110526_950,0.8666666666666667,0.05773502691896256,0.9499999999999998,1.3597399555105182e-16,3,6.661733875264911,1.4313052163268617e-14
2025-01-29_17-41-03_076e2825a7274661bd0697c42d6fa4c0__1920x1088@25fps-28q_merged_frame_0077_arena_1_20250307_110610_189,0.8666666666666667,0.05773502691896256,0.9333333333333332,0.028867513459481253,3,6.661733875264911,3.092947870658706
2025-01-29_17-41-03_076e2825a7274661bd0697c42d6fa4c0__1920x1088@25fps-28q_merged_frame_0024_arena_6_20250307_110454_803,0.8666666666666667,0.05773502691896256,0.9333333333333332,0.028867513459481253,3,6.661733875264911,3.092947870658706
2025-01-29_17-41-03_076e2825a7274661bd0697c42d6fa4c0__1920x1088@25fps-28q_merged_frame_0009_arena_4_20250307_110427_665,0.8666666666666667,0.05773502691896257,0.9333333333333332,0.02886751345948125,3,6.661733875264911,3.0929478706587057
2025-01-29_17-41-03_076e2825a7274661bd0697c42d6fa4c0__1920x1088@25fps-28q_merged_frame_0049_arena_1_20250307_110537_312,0.8666666666666667,0.05773502691896256,0.9333333333333332,0.028867513459481253,3,6.661733875264911,3.092947870658706
2025-01-29_17-41-03_076e2825a7274661bd0697c42d6fa4c0__1920x1088@25fps-28q_merged_frame_0047_arena_2_20250307_110534_943,0.8666666666666667,0.05773502691896256,0.9500000000000001,0.04999999999999999,3,6.661733875264911,5.263157894736841
2025-01-29_17-41-03_076e2825a7274661bd0697c42d6fa4c0__1920x1088@25fps-28q_merged_frame_0010_arena_5_20250307_110429_209,0.8666666666666667,0.05773502691896256,0.9166666666666666,0.02886751345948125,3,6.661733875264911,3.1491832864888636
2025-01-29_17-41-03_076e2825a7274661bd0697c42d6fa4c0__1920x1088@25fps-28q_merged_frame_0065_arena_5_20250307_110556_226,0.8666666666666667,0.05773502691896256,0.9333333333333332,0.028867513459481253,3,6.661733875264911,3.092947870658706
2025-01-29_17-41-03_076e2825a7274661bd0697c42d6fa4c0__1920x1088@25fps-28q_merged_frame_0040_arena_6_20250307_110524_747,0.8666666666666667,0.05773502691896256,0.8333333333333334,0.05773502691896256,3,6.661733875264911,6.928203230275506
2025-01-29_17-41-03_076e2825a7274661bd0697c42d6fa4c0__1920x1088@25fps-28q_merged_frame_0001_arena_6_20250307_110416_791,0.8666666666666667,0.05773502691896257,0.9333333333333332,0.02886751345948125,3,6.661733875264911,3.0929478706587057
2025-01-29_17-41-03_076e2825a7274661bd0697c42d6fa4c0__1920x1088@25fps-28q_merged_frame_0004_arena_6_20250307_110420_408,0.8666666666666667,0.05773502691896256,0.9499999999999998,1.3597399555105182e-16,3,6.661733875264911,1.4313052163268617e-14
2025-01-29_17-41-03_076e2825a7274661bd0697c42d6fa4c0__1920x1088@25fps-28q_merged_frame_0077_arena_2_20250307_110610_189,0.8666666666666667,0.05773502691896256,0.9333333333333332,0.028867513459481253,3,6.661733875264911,3.092947870658706
2025-01-29_17-41-03_076e2825a7274661bd0697c42d6fa4c0__1920x1088@25fps-28q_merged_frame_0056_arena_4_20250307_110545_647,0.8666666666666667,0.1527525231651947,0.8333333333333334,0.05773502691896256,3,17.625291134445543,6.928203230275506
2025-01-29_17-41-03_076e2825a7274661bd0697c42d6fa4c0__1920x1088@25fps-28q_merged_frame_0051_arena_3_20250307_110539_569,0.8666666666666667,0.05773502691896257,0.9,0.04999999999999999,3,6.661733875264911,5.555555555555554
2025-01-29_17-41-03_076e2825a7274661bd0697c42d6fa4c0__1920x1088@25fps-28q_merged_frame_0058_arena_5_20250307_110547_958,0.8666666666666667,0.05773502691896257,0.9499999999999998,1.3597399555105182e-16,3,6.661733875264911,1.4313052163268617e-14
2025-01-29_17-41-03_076e2825a7274661bd0697c42d6fa4c0__1920x1088@25fps-28q_merged_frame_0012_arena_4_20250307_110433_936,0.8666666666666667,0.05773502691896256,0.9333333333333332,0.05773502691896257,3,6.661733875264911,6.1858957413174185
2025-01-29_17-41-03_076e2825a7274661bd0697c42d6fa4c0__1920x1088@25fps-28q_merged_frame_0083_arena_4_20250307_110618_465,0.8666666666666667,0.05773502691896256,0.9499999999999998,1.3597399555105182e-16,3,6.661733875264911,1.4313052163268617e-14
2025-01-29_17-41-03_076e2825a7274661bd0697c42d6fa4c0__1920x1088@25fps-28q_merged_frame_0046_arena_4_20250307_110533_714,0.8666666666666667,0.11547005383792514,0.9500000000000001,0.04999999999999999,3,13.323467750529822,5.263157894736841
2025-01-29_17-41-03_076e2825a7274661bd0697c42d6fa4c0__1920x1088@25fps-28q_merged_frame_0051_arena_1_20250307_110539_569,0.8666666666666667,0.05773502691896256,0.9,0.04999999999999999,3,6.661733875264911,5.555555555555554
2025-01-29_17-41-03_076e2825a7274661bd0697c42d6fa4c0__1920x1088@25fps-28q_merged_frame_0077_arena_6_20250307_110610_189,0.8666666666666667,0.05773502691896256,0.9333333333333332,0.028867513459481253,3,6.661733875264911,3.092947870658706
2025-01-29_17-41-03_076e2825a7274661bd0697c42d6fa4c0__1920x1088@25fps-28q_merged_frame_0051_arena_6_20250307_110539_569,0.8666666666666667,0.11547005383792512,0.9166666666666666,0.02886751345948125,3,13.323467750529822,3.1491832864888636
2025-01-29_17-41-03_076e2825a7274661bd0697c42d6fa4c0__1920x1088@25fps-28q_merged_frame_0013_arena_2_20250307_110435_902,0.8666666666666667,0.05773502691896256,0.9333333333333332,0.028867513459481253,3,6.661733875264911,3.092947870658706
2025-01-29_17-41-03_076e2825a7274661bd0697c42d6fa4c0__1920x1088@25fps-28q_merged_frame_0021_arena_2_20250307_110450_165,0.8666666666666667,0.05773502691896257,0.9166666666666666,0.028867513459481253,3,6.661733875264911,3.1491832864888636
2025-01-29_17-41-03_076e2825a7274661bd0697c42d6fa4c0__1920x1088@25fps-28q_merged_frame_0027_arena_3_20250307_110500_754,0.8666666666666667,0.05773502691896256,0.9333333333333332,0.028867513459481253,3,6.661733875264911,3.092947870658706
2025-01-29_17-41-03_076e2825a7274661bd0697c42d6fa4c0__1920x1088@25fps-28q_merged_frame_0014_arena_4_20250307_110437_738,0.8666666666666667,0.05773502691896256,0.94,0.03605551275463986,3,6.661733875264911,3.8356928462382833
2025-01-29_17-41-03_076e2825a7274661bd0697c42d6fa4c0__1920x1088@25fps-28q_merged_frame_0054_arena_2_20250307_110543_405,0.8633333333333333,0.05507570547286101,0.93,0.026457513110645866,3,6.379425344346836,2.8448938828651467
2025-01-29_17-41-03_076e2825a7274661bd0697c42d6fa4c0__1920x1088@25fps-28q_merged_frame_0052_arena_1_20250307_110540_678,0.86,0.06928203230275509,0.94,0.017320508075688724,3,8.05605026776222,1.8426072420945454
2025-01-29_17-41-03_076e2825a7274661bd0697c42d6fa4c0__1920x1088@25fps-28q_merged_frame_0084_arena_5_20250307_110619_660,0.8566666666666668,0.051316014394468826,0.8833333333333333,0.07637626158259729,3,5.990196232817372,8.646369235765732
2025-01-29_17-41-03_076e2825a7274661bd0697c42d6fa4c0__1920x1088@25fps-28q_merged_frame_0084_arena_2_20250307_110619_660,0.8500000000000001,0.07071067811865474,0.9299999999999999,0.04242640687119281,2,8.318903308077028,4.561979233461593
2025-01-29_17-41-03_076e2825a7274661bd0697c42d6fa4c0__1920x1088@25fps-28q_merged_frame_0070_arena_1_20250307_110601_980,0.8500000000000001,0.07071067811865474,0.875,0.10606601717798207,2,8.318903308077028,12.121830534626522
2025-01-29_17-41-03_076e2825a7274661bd0697c42d6fa4c0__1920x1088@25fps-28q_merged_frame_0007_arena_6_20250307_110424_554,0.8500000000000001,0.07071067811865474,0.925,0.03535533905932733,2,8.318903308077028,3.8221988172245758
2025-01-29_17-41-03_076e2825a7274661bd0697c42d6fa4c0__1920x1088@25fps-28q_merged_frame_0008_arena_4_20250307_110426_460,0.8500000000000001,0.07071067811865474,0.875,0.03535533905932741,2,8.318903308077028,4.040610178208847
2025-01-29_17-41-03_076e2825a7274661bd0697c42d6fa4c0__1920x1088@25fps-28q_merged_frame_0019_arena_3_20250307_110447_168,0.8500000000000001,0.07071067811865474,0.925,0.03535533905932733,2,8.318903308077028,3.8221988172245758
2025-01-29_17-41-03_076e2825a7274661bd0697c42d6fa4c0__1920x1088@25fps-28q_merged_frame_0005_arena_1_20250307_110421_641,0.8500000000000001,0.07071067811865474,0.925,0.03535533905932733,2,8.318903308077028,3.8221988172245758
2025-01-29_17-41-03_076e2825a7274661bd0697c42d6fa4c0__1920x1088@25fps-28q_merged_frame_0009_arena_2_20250307_110427_665,0.8500000000000001,0.07071067811865474,0.8500000000000001,0.07071067811865474,2,8.318903308077028,8.318903308077028
2025-01-29_17-41-03_076e2825a7274661bd0697c42d6fa4c0__1920x1088@25fps-28q_merged_frame_0062_arena_6_20250307_110552_673,0.8500000000000001,0.07071067811865474,0.925,0.03535533905932733,2,8.318903308077028,3.8221988172245758
2025-01-29_17-41-03_076e2825a7274661bd0697c42d6fa4c0__1920x1088@25fps-28q_merged_frame_0089_arena_5_20250307_110627_254,0.8500000000000001,0.07071067811865474,0.925,0.03535533905932733,2,8.318903308077028,3.8221988172245758
2025-01-29_17-41-03_076e2825a7274661bd0697c42d6fa4c0__1920x1088@25fps-28q_merged_frame_0070_arena_3_20250307_110601_980,0.8500000000000001,0.07071067811865474,0.925,0.03535533905932733,2,8.318903308077028,3.8221988172245758
2025-01-29_17-41-03_076e2825a7274661bd0697c42d6fa4c0__1920x1088@25fps-28q_merged_frame_0078_arena_3_20250307_110612_197,0.8500000000000001,0.07071067811865474,0.925,0.03535533905932733,2,8.318903308077028,3.8221988172245758
2025-01-29_17-41-03_076e2825a7274661bd0697c42d6fa4c0__1920x1088@25fps-28q_merged_frame_0087_arena_1_20250307_110623_891,0.8500000000000001,0.07071067811865474,0.97,0.028284271247461926,2,8.318903308077028,2.9159042523156624
2025-01-29_17-41-03_076e2825a7274661bd0697c42d6fa4c0__1920x1088@25fps-28q_merged_frame_0088_arena_1_20250307_110625_991,0.8500000000000001,0.07071067811865474,0.91,0.014142135623730963,2,8.318903308077028,1.5540808377726332
2025-01-29_17-41-03_076e2825a7274661bd0697c42d6fa4c0__1920x1088@25fps-28q_merged_frame_0072_arena_1_20250307_110604_297,0.8500000000000001,0.07071067811865474,0.8500000000000001,0.07071067811865474,2,8.318903308077028,8.318903308077028
2025-01-29_17-41-03_076e2825a7274661bd0697c42d6fa4c0__1920x1088@25fps-28q_merged_frame_0063_arena_4_20250307_110553_859,0.8500000000000001,0.07071067811865474,0.925,0.03535533905932733,2,8.318903308077028,3.8221988172245758
2025-01-29_17-41-03_076e2825a7274661bd0697c42d6fa4c0__1920x1088@25fps-28q_merged_frame_0024_arena_2_20250307_110454_803,0.8500000000000001,0.07071067811865474,0.925,0.03535533905932733,2,8.318903308077028,3.8221988172245758
2025-01-29_17-41-03_076e2825a7274661bd0697c42d6fa4c0__1920x1088@25fps-28q_merged_frame_0090_arena_2_20250307_110628_381,0.8500000000000001,0.07071067811865474,0.95,0.0,2,8.318903308077028,0.0
2025-01-29_17-41-03_076e2825a7274661bd0697c42d6fa4c0__1920x1088@25fps-28q_merged_frame_0044_arena_6_20250307_110531_212,0.8500000000000001,0.07071067811865474,0.925,0.03535533905932733,2,8.318903308077028,3.8221988172245758
2025-01-29_17-41-03_076e2825a7274661bd0697c42d6fa4c0__1920x1088@25fps-28q_merged_frame_0007_arena_2_20250307_110424_554,0.8500000000000001,0.07071067811865474,0.925,0.03535533905932733,2,8.318903308077028,3.8221988172245758
2025-01-29_17-41-03_076e2825a7274661bd0697c42d6fa4c0__1920x1088@25fps-28q_merged_frame_0032_arena_1_20250307_110509_412,0.8500000000000001,0.07071067811865474,0.925,0.03535533905932733,2,8.318903308077028,3.8221988172245758
2025-01-29_17-41-03_076e2825a7274661bd0697c42d6fa4c0__1920x1088@25fps-28q_merged_frame_0025_arena_2_20250307_110456_529,0.8500000000000001,0.07071067811865474,0.8500000000000001,0.07071067811865474,2,8.318903308077028,8.318903308077028
2025-01-29_17-41-03_076e2825a7274661bd0697c42d6fa4c0__1920x1088@25fps-28q_merged_frame_0049_arena_5_20250307_110537_312,0.8500000000000001,0.07071067811865474,0.94,0.056568542494923775,2,8.318903308077028,6.017930052651465
2025-01-29_17-41-03_076e2825a7274661bd0697c42d6fa4c0__1920x1088@25fps-28q_merged_frame_0081_arena_6_20250307_110616_153,0.8500000000000001,0.07071067811865474,0.925,0.03535533905932733,2,8.318903308077028,3.8221988172245758
2025-01-29_17-41-03_076e2825a7274661bd0697c42d6fa4c0__1920x1088@25fps-28q_merged_frame_0002_arena_6_20250307_110417_988,0.8500000000000001,0.07071067811865474,0.8899999999999999,0.08485281374238571,2,8.318903308077028,9.534024015998394
2025-01-29_17-41-03_076e2825a7274661bd0697c42d6fa4c0__1920x1088@25fps-28q_merged_frame_0054_arena_3_20250307_110543_405,0.8500000000000001,0.07071067811865474,0.95,0.0,2,8.318903308077028,0.0
2025-01-29_17-41-03_076e2825a7274661bd0697c42d6fa4c0__1920x1088@25fps-28q_merged_frame_0079_arena_3_20250307_110613_926,0.8500000000000001,0.07071067811865474,0.925,0.03535533905932733,2,8.318903308077028,3.8221988172245758
2025-01-29_17-41-03_076e2825a7274661bd0697c42d6fa4c0__1920x1088@25fps-28q_merged_frame_0053_arena_5_20250307_110542_213,0.8500000000000001,0.07071067811865474,0.8999999999999999,0.07071067811865474,2,8.318903308077028,7.856742013183861
2025-01-29_17-41-03_076e2825a7274661bd0697c42d6fa4c0__1920x1088@25fps-28q_merged_frame_0056_arena_1_20250307_110545_647,0.8500000000000001,0.07071067811865474,0.925,0.03535533905932733,2,8.318903308077028,3.8221988172245758
2025-01-29_17-41-03_076e2825a7274661bd0697c42d6fa4c0__1920x1088@25fps-28q_merged_frame_0032_arena_2_20250307_110509_412,0.8500000000000001,0.07071067811865474,0.925,0.03535533905932733,2,8.318903308077028,3.8221988172245758
2025-01-29_17-41-03_076e2825a7274661bd0697c42d6fa4c0__1920x1088@25fps-28q_merged_frame_0034_arena_6_20250307_110512_168,0.8500000000000001,0.07071067811865474,0.925,0.03535533905932733,2,8.318903308077028,3.8221988172245758
2025-01-29_17-41-03_076e2825a7274661bd0697c42d6fa4c0__1920x1088@25fps-28q_merged_frame_0028_arena_5_20250307_110503_183,0.8500000000000001,0.07071067811865474,0.95,0.0,2,8.318903308077028,0.0
2025-01-29_17-41-03_076e2825a7274661bd0697c42d6fa4c0__1920x1088@25fps-28q_merged_frame_0044_arena_1_20250307_110531_212,0.8500000000000001,0.07071067811865474,0.95,0.0,2,8.318903308077028,0.0
2025-01-29_17-41-03_076e2825a7274661bd0697c42d6fa4c0__1920x1088@25fps-28q_merged_frame_0036_arena_3_20250307_110514_972,0.8500000000000001,0.07071067811865474,0.925,0.03535533905932733,2,8.318903308077028,3.8221988172245758
2025-01-29_17-41-03_076e2825a7274661bd0697c42d6fa4c0__1920x1088@25fps-28q_merged_frame_0017_arena_1_20250307_110444_137,0.8500000000000001,0.07071067811865474,0.89,0.12727922061357852,2,8.318903308077028,14.301036023997588
2025-01-29_17-41-03_076e2825a7274661bd0697c42d6fa4c0__1920x1088@25fps-28q_merged_frame_0031_arena_6_20250307_110508_179,0.8500000000000001,0.07071067811865474,0.925,0.03535533905932733,2,8.318903308077028,3.8221988172245758
2025-01-29_17-41-03_076e2825a7274661bd0697c42d6fa4c0__1920x1088@25fps-28q_merged_frame_0024_arena_4_20250307_110454_803,0.8500000000000001,0.07071067811865474,0.925,0.03535533905932733,2,8.318903308077028,3.8221988172245758
2025-01-29_17-41-03_076e2825a7274661bd0697c42d6fa4c0__1920x1088@25fps-28q_merged_frame_0018_arena_2_20250307_110445_720,0.8500000000000001,0.07071067811865474,0.8500000000000001,0.07071067811865474,2,8.318903308077028,8.318903308077028
2025-01-29_17-41-03_076e2825a7274661bd0697c42d6fa4c0__1920x1088@25fps-28q_merged_frame_0023_arena_5_20250307_110453_213,0.8500000000000001,0.07071067811865474,0.875,0.03535533905932741,2,8.318903308077028,4.040610178208847
2025-01-29_17-41-03_076e2825a7274661bd0697c42d6fa4c0__1920x1088@25fps-28q_merged_frame_0043_arena_2_20250307_110529_636,0.8500000000000001,0.07071067811865474,0.925,0.03535533905932733,2,8.318903308077028,3.8221988172245758
2025-01-29_17-41-03_076e2825a7274661bd0697c42d6fa4c0__1920x1088@25fps-28q_merged_frame_0004_arena_4_20250307_110420_408,0.8500000000000001,0.07071067811865474,0.95,0.0,2,8.318903308077028,0.0
2025-01-29_17-41-03_076e2825a7274661bd0697c42d6fa4c0__1920x1088@25fps-28q_merged_frame_0019_arena_5_20250307_110447_168,0.8500000000000001,0.07071067811865474,0.925,0.03535533905932733,2,8.318903308077028,3.8221988172245758
2025-01-29_17-41-03_076e2825a7274661bd0697c42d6fa4c0__1920x1088@25fps-28q_merged_frame_0059_arena_2_20250307_110549_066,0.8500000000000001,0.07071067811865474,0.95,0.0,2,8.318903308077028,0.0
2025-01-29_17-41-03_076e2825a7274661bd0697c42d6fa4c0__1920x1088@25fps-28q_merged_frame_0062_arena_3_20250307_110552_673,0.8500000000000001,0.07071067811865474,0.95,0.0,2,8.318903308077028,0.0
2025-01-29_17-41-03_076e2825a7274661bd0697c42d6fa4c0__1920x1088@25fps-28q_merged_frame_0037_arena_3_20250307_110517_146,0.8500000000000001,0.07071067811865474,0.925,0.03535533905932733,2,8.318903308077028,3.8221988172245758
2025-01-29_17-41-03_076e2825a7274661bd0697c42d6fa4c0__1920x1088@25fps-28q_merged_frame_0015_arena_5_20250307_110439_817,0.8500000000000001,0.07071067811865474,0.875,0.10606601717798207,2,8.318903308077028,12.121830534626522
2025-01-29_17-41-03_076e2825a7274661bd0697c42d6fa4c0__1920x1088@25fps-28q_merged_frame_0031_arena_2_20250307_110508_179,0.8500000000000001,0.07071067811865474,0.915,0.09192388155425117,2,8.318903308077028,10.046325852923625
2025-01-29_17-41-03_076e2825a7274661bd0697c42d6fa4c0__1920x1088@25fps-28q_merged_frame_0069_arena_3_20250307_110600_861,0.8500000000000001,0.07071067811865474,0.925,0.03535533905932733,2,8.318903308077028,3.8221988172245758
2025-01-29_17-41-03_076e2825a7274661bd0697c42d6fa4c0__1920x1088@25fps-28q_merged_frame_0027_arena_1_20250307_110500_754,0.8500000000000001,0.07071067811865474,0.925,0.03535533905932733,2,8.318903308077028,3.8221988172245758
2025-01-29_17-41-03_076e2825a7274661bd0697c42d6fa4c0__1920x1088@25fps-28q_merged_frame_0025_arena_1_20250307_110456_529,0.8500000000000001,0.07071067811865474,0.95,0.0,2,8.318903308077028,0.0
2025-01-29_17-41-03_076e2825a7274661bd0697c42d6fa4c0__1920x1088@25fps-28q_merged_frame_0074_arena_5_20250307_110606_692,0.8500000000000001,0.07071067811865474,0.95,0.0,2,8.318903308077028,0.0
2025-01-29_17-41-03_076e2825a7274661bd0697c42d6fa4c0__1920x1088@25fps-28q_merged_frame_0056_arena_5_20250307_110545_647,0.8500000000000001,0.07071067811865474,0.925,0.03535533905932733,2,8.318903308077028,3.8221988172245758
2025-01-29_17-41-03_076e2825a7274661bd0697c42d6fa4c0__1920x1088@25fps-28q_merged_frame_0028_arena_6_20250307_110503_183,0.8500000000000001,0.07071067811865474,0.925,0.03535533905932733,2,8.318903308077028,3.8221988172245758
2025-01-29_17-41-03_076e2825a7274661bd0697c42d6fa4c0__1920x1088@25fps-28q_merged_frame_0074_arena_4_20250307_110606_692,0.8500000000000001,0.07071067811865474,0.95,0.0,2,8.318903308077028,0.0
2025-01-29_17-41-03_076e2825a7274661bd0697c42d6fa4c0__1920x1088@25fps-28q_merged_frame_0082_arena_2_20250307_110617_261,0.8500000000000001,0.07071067811865474,0.925,0.03535533905932733,2,8.318903308077028,3.8221988172245758
2025-01-29_17-41-03_076e2825a7274661bd0697c42d6fa4c0__1920x1088@25fps-28q_merged_frame_0045_arena_3_20250307_110532_471,0.8500000000000001,0.07071067811865474,0.975,0.03535533905932741,2,8.318903308077028,3.6261886214694785
2025-01-29_17-41-03_076e2825a7274661bd0697c42d6fa4c0__1920x1088@25fps-28q_merged_frame_0031_arena_3_20250307_110508_179,0.8500000000000001,0.07071067811865474,0.95,0.0,2,8.318903308077028,0.0
2025-01-29_17-41-03_076e2825a7274661bd0697c42d6fa4c0__1920x1088@25fps-28q_merged_frame_0057_arena_1_20250307_110546_828,0.8500000000000001,0.07071067811865474,0.95,0.0,2,8.318903308077028,0.0
2025-01-29_17-41-03_076e2825a7274661bd0697c42d6fa4c0__1920x1088@25fps-28q_merged_frame_0008_arena_6_20250307_110426_460,0.8500000000000001,0.07071067811865474,0.925,0.03535533905932733,2,8.318903308077028,3.8221988172245758
2025-01-29_17-41-03_076e2825a7274661bd0697c42d6fa4c0__1920x1088@25fps-28q_merged_frame_0078_arena_1_20250307_110612_197,0.8500000000000001,0.07071067811865474,0.95,0.07071067811865474,2,8.318903308077028,7.443229275647867
2025-01-29_17-41-03_076e2825a7274661bd0697c42d6fa4c0__1920x1088@25fps-28q_merged_frame_0044_arena_3_20250307_110531_212,0.8500000000000001,0.07071067811865474,0.925,0.03535533905932733,2,8.318903308077028,3.8221988172245758
2025-01-29_17-41-03_076e2825a7274661bd0697c42d6fa4c0__1920x1088@25fps-28q_merged_frame_0045_arena_5_20250307_110532_471,0.85,0.04999999999999999,0.8833333333333333,0.07637626158259729,3,5.882352941176469,8.646369235765732
2025-01-29_17-41-03_076e2825a7274661bd0697c42d6fa4c0__1920x1088@25fps-28q_merged_frame_0005_arena_4_20250307_110421_641,0.85,0.08660254037844381,0.9233333333333333,0.025166114784235794,3,10.18853416216986,2.7255719982926854
2025-01-29_17-41-03_076e2825a7274661bd0697c42d6fa4c0__1920x1088@25fps-28q_merged_frame_0050_arena_5_20250307_110538_455,0.85,0.04999999999999999,0.9333333333333332,0.028867513459481253,3,5.882352941176469,3.092947870658706
2025-01-29_17-41-03_076e2825a7274661bd0697c42d6fa4c0__1920x1088@25fps-28q_merged_frame_0045_arena_4_20250307_110532_471,0.85,0.08660254037844381,0.9,0.0,3,10.18853416216986,0.0
2025-01-29_17-41-03_076e2825a7274661bd0697c42d6fa4c0__1920x1088@25fps-28q_merged_frame_0063_arena_2_20250307_110553_859,0.85,0.04999999999999999,0.9,0.0,3,5.882352941176469,0.0
2025-01-29_17-41-03_076e2825a7274661bd0697c42d6fa4c0__1920x1088@25fps-28q_merged_frame_0029_arena_6_20250307_110505_414,0.85,0.08660254037844381,0.9166666666666666,0.028867513459481253,3,10.18853416216986,3.1491832864888636
2025-01-29_17-41-03_076e2825a7274661bd0697c42d6fa4c0__1920x1088@25fps-28q_merged_frame_0091_arena_5_20250307_110629_660,0.8466666666666667,0.05033222956847166,0.96,0.017320508075688787,3,5.944751523835235,1.8042195912175822
2025-01-29_17-41-03_076e2825a7274661bd0697c42d6fa4c0__1920x1088@25fps-28q_merged_frame_0054_arena_5_20250307_110543_405,0.8433333333333334,0.05131601439446884,0.9333333333333332,0.01527525231651942,3,6.084902892624763,1.636634176769938
2025-01-29_17-41-03_076e2825a7274661bd0697c42d6fa4c0__1920x1088@25fps-28q_merged_frame_0086_arena_3_20250307_110622_528,0.8433333333333334,0.07505553499465135,0.9,0.04999999999999999,3,8.899865809642453,5.555555555555554
2025-01-29_17-41-03_076e2825a7274661bd0697c42d6fa4c0__1920x1088@25fps-28q_merged_frame_0075_arena_4_20250307_110607_898,0.8333333333333334,0.05773502691896257,0.9166666666666666,0.028867513459481253,3,6.928203230275508,3.1491832864888636
2025-01-29_17-41-03_076e2825a7274661bd0697c42d6fa4c0__1920x1088@25fps-28q_merged_frame_0011_arena_3_20250307_110431_795,0.8333333333333334,0.05773502691896256,0.9333333333333332,0.02886751345948125,3,6.928203230275506,3.0929478706587057
2025-01-29_17-41-03_076e2825a7274661bd0697c42d6fa4c0__1920x1088@25fps-28q_merged_frame_0071_arena_5_20250307_110603_178,0.8333333333333334,0.05773502691896256,0.9166666666666666,0.028867513459481253,3,6.928203230275506,3.1491832864888636
2025-01-29_17-41-03_076e2825a7274661bd0697c42d6fa4c0__1920x1088@25fps-28q_merged_frame_0069_arena_1_20250307_110600_861,0.8333333333333334,0.05773502691896256,0.9166666666666666,0.028867513459481253,3,6.928203230275506,3.1491832864888636
2025-01-29_17-41-03_076e2825a7274661bd0697c42d6fa4c0__1920x1088@25fps-28q_merged_frame_0066_arena_5_20250307_110557_338,0.8333333333333334,0.05773502691896256,0.9333333333333332,0.02886751345948125,3,6.928203230275506,3.0929478706587057
2025-01-29_17-41-03_076e2825a7274661bd0697c42d6fa4c0__1920x1088@25fps-28q_merged_frame_0033_arena_5_20250307_110510_814,0.8333333333333334,0.05773502691896256,0.93,0.026457513110645866,3,6.928203230275506,2.8448938828651467
2025-01-29_17-41-03_076e2825a7274661bd0697c42d6fa4c0__1920x1088@25fps-28q_merged_frame_0062_arena_1_20250307_110552_673,0.8333333333333334,0.05773502691896256,0.8666666666666667,0.05773502691896256,3,6.928203230275506,6.661733875264911
2025-01-29_17-41-03_076e2825a7274661bd0697c42d6fa4c0__1920x1088@25fps-28q_merged_frame_0082_arena_3_20250307_110617_261,0.8333333333333334,0.05773502691896257,0.9233333333333333,0.025166114784235794,3,6.928203230275508,2.7255719982926854
2025-01-29_17-41-03_076e2825a7274661bd0697c42d6fa4c0__1920x1088@25fps-28q_merged_frame_0039_arena_6_20250307_110521_874,0.8333333333333334,0.05773502691896256,0.9166666666666666,0.028867513459481253,3,6.928203230275506,3.1491832864888636
2025-01-29_17-41-03_076e2825a7274661bd0697c42d6fa4c0__1920x1088@25fps-28q_merged_frame_0091_arena_2_20250307_110629_660,0.8333333333333334,0.05773502691896257,0.9166666666666666,0.02886751345948125,3,6.928203230275508,3.1491832864888636
2025-01-29_17-41-03_076e2825a7274661bd0697c42d6fa4c0__1920x1088@25fps-28q_merged_frame_0073_arena_5_20250307_110605_437,0.8333333333333334,0.05773502691896257,0.9333333333333332,0.028867513459481253,3,6.928203230275508,3.092947870658706
2025-01-29_17-41-03_076e2825a7274661bd0697c42d6fa4c0__1920x1088@25fps-28q_merged_frame_0038_arena_2_20250307_110519_535,0.8333333333333334,0.05773502691896256,0.9166666666666666,0.028867513459481253,3,6.928203230275506,3.1491832864888636
2025-01-29_17-41-03_076e2825a7274661bd0697c42d6fa4c0__1920x1088@25fps-28q_merged_frame_0041_arena_2_20250307_110526_950,0.8333333333333334,0.05773502691896256,0.9166666666666666,0.028867513459481253,3,6.928203230275506,3.1491832864888636
2025-01-29_17-41-03_076e2825a7274661bd0697c42d6fa4c0__1920x1088@25fps-28q_merged_frame_0006_arena_4_20250307_110422_826,0.8333333333333334,0.05773502691896256,0.96,0.01732050807568879,3,6.928203230275506,1.8042195912175825
2025-01-29_17-41-03_076e2825a7274661bd0697c42d6fa4c0__1920x1088@25fps-28q_merged_frame_0090_arena_3_20250307_110628_381,0.8333333333333334,0.11547005383792519,0.94,0.03605551275463986,3,13.856406460551021,3.8356928462382833
2025-01-29_17-41-03_076e2825a7274661bd0697c42d6fa4c0__1920x1088@25fps-28q_merged_frame_0058_arena_1_20250307_110547_958,0.8333333333333334,0.05773502691896256,0.9333333333333332,0.02886751345948125,3,6.928203230275506,3.0929478706587057
2025-01-29_17-41-03_076e2825a7274661bd0697c42d6fa4c0__1920x1088@25fps-28q_merged_frame_0070_arena_2_20250307_110601_980,0.8333333333333334,0.05773502691896256,0.9066666666666667,0.011547005383792525,3,6.928203230275506,1.2735667702712343
2025-01-29_17-41-03_076e2825a7274661bd0697c42d6fa4c0__1920x1088@25fps-28q_merged_frame_0090_arena_4_20250307_110628_381,0.8333333333333334,0.05773502691896256,0.9,0.04999999999999999,3,6.928203230275506,5.555555555555554
2025-01-29_17-41-03_076e2825a7274661bd0697c42d6fa4c0__1920x1088@25fps-28q_merged_frame_0025_arena_5_20250307_110456_529,0.8333333333333334,0.05773502691896256,0.9333333333333332,0.028867513459481253,3,6.928203230275506,3.092947870658706
2025-01-29_17-41-03_076e2825a7274661bd0697c42d6fa4c0__1920x1088@25fps-28q_merged_frame_0057_arena_5_20250307_110546_828,0.8333333333333334,0.05773502691896256,0.8666666666666667,0.05773502691896256,3,6.928203230275506,6.661733875264911
2025-01-29_17-41-03_076e2825a7274661bd0697c42d6fa4c0__1920x1088@25fps-28q_merged_frame_0077_arena_3_20250307_110610_189,0.8333333333333334,0.05773502691896256,0.9166666666666666,0.028867513459481253,3,6.928203230275506,3.1491832864888636
2025-01-29_17-41-03_076e2825a7274661bd0697c42d6fa4c0__1920x1088@25fps-28q_merged_frame_0022_arena_6_20250307_110451_641,0.8333333333333334,0.05773502691896256,0.9333333333333332,0.028867513459481253,3,6.928203230275506,3.092947870658706
2025-01-29_17-41-03_076e2825a7274661bd0697c42d6fa4c0__1920x1088@25fps-28q_merged_frame_0035_arena_2_20250307_110513_521,0.8333333333333334,0.05773502691896256,0.9333333333333332,0.02886751345948125,3,6.928203230275506,3.0929478706587057
2025-01-29_17-41-03_076e2825a7274661bd0697c42d6fa4c0__1920x1088@25fps-28q_merged_frame_0091_arena_1_20250307_110629_660,0.8333333333333334,0.05773502691896256,0.9166666666666666,0.028867513459481253,3,6.928203230275506,3.1491832864888636
2025-01-29_17-41-03_076e2825a7274661bd0697c42d6fa4c0__1920x1088@25fps-28q_merged_frame_0050_arena_1_20250307_110538_455,0.8333333333333334,0.05773502691896257,0.8666666666666667,0.05773502691896257,3,6.928203230275508,6.661733875264911
2025-01-29_17-41-03_076e2825a7274661bd0697c42d6fa4c0__1920x1088@25fps-28q_merged_frame_0072_arena_4_20250307_110604_297,0.8333333333333334,0.05773502691896256,0.9166666666666666,0.028867513459481253,3,6.928203230275506,3.1491832864888636
2025-01-29_17-41-03_076e2825a7274661bd0697c42d6fa4c0__1920x1088@25fps-28q_merged_frame_0030_arena_1_20250307_110506_951,0.8333333333333334,0.05773502691896256,0.9166666666666666,0.028867513459481253,3,6.928203230275506,3.1491832864888636
2025-01-29_17-41-03_076e2825a7274661bd0697c42d6fa4c0__1920x1088@25fps-28q_merged_frame_0029_arena_4_20250307_110505_414,0.8333333333333334,0.05773502691896256,0.9333333333333332,0.028867513459481253,3,6.928203230275506,3.092947870658706
2025-01-29_17-41-03_076e2825a7274661bd0697c42d6fa4c0__1920x1088@25fps-28q_merged_frame_0073_arena_1_20250307_110605_437,0.8333333333333334,0.05773502691896256,0.9333333333333332,0.028867513459481253,3,6.928203230275506,3.092947870658706
2025-01-29_17-41-03_076e2825a7274661bd0697c42d6fa4c0__1920x1088@25fps-28q_merged_frame_0012_arena_1_20250307_110433_936,0.8333333333333334,0.05773502691896256,0.9166666666666666,0.028867513459481253,3,6.928203230275506,3.1491832864888636
2025-01-29_17-41-03_076e2825a7274661bd0697c42d6fa4c0__1920x1088@25fps-28q_merged_frame_0007_arena_1_20250307_110424_554,0.8333333333333334,0.05773502691896256,0.8666666666666667,0.05773502691896256,3,6.928203230275506,6.661733875264911
2025-01-29_17-41-03_076e2825a7274661bd0697c42d6fa4c0__1920x1088@25fps-28q_merged_frame_0019_arena_1_20250307_110447_168,0.8333333333333334,0.05773502691896256,0.8833333333333333,0.028867513459481315,3,6.928203230275506,3.2680203916393946
2025-01-29_17-41-03_076e2825a7274661bd0697c42d6fa4c0__1920x1088@25fps-28q_merged_frame_0004_arena_2_20250307_110420_408,0.8333333333333334,0.05773502691896256,0.89,0.036055512754639925,3,6.928203230275506,4.051181208386509
2025-01-29_17-41-03_076e2825a7274661bd0697c42d6fa4c0__1920x1088@25fps-28q_merged_frame_0042_arena_6_20250307_110528_268,0.8333333333333334,0.05773502691896256,0.9233333333333333,0.040414518843273774,3,6.928203230275506,4.377023701437593
2025-01-29_17-41-03_076e2825a7274661bd0697c42d6fa4c0__1920x1088@25fps-28q_merged_frame_0032_arena_6_20250307_110509_412,0.8333333333333334,0.05773502691896257,0.9166666666666666,0.02886751345948125,3,6.928203230275508,3.1491832864888636
2025-01-29_17-41-03_076e2825a7274661bd0697c42d6fa4c0__1920x1088@25fps-28q_merged_frame_0032_arena_3_20250307_110509_412,0.8333333333333334,0.05773502691896257,0.8666666666666667,0.05773502691896257,3,6.928203230275508,6.661733875264911
2025-01-29_17-41-03_076e2825a7274661bd0697c42d6fa4c0__1920x1088@25fps-28q_merged_frame_0064_arena_1_20250307_110554_969,0.8333333333333334,0.05773502691896256,0.9333333333333332,0.028867513459481253,3,6.928203230275506,3.092947870658706
2025-01-29_17-41-03_076e2825a7274661bd0697c42d6fa4c0__1920x1088@25fps-28q_merged_frame_0051_arena_2_20250307_110539_569,0.8333333333333334,0.05773502691896256,0.9166666666666666,0.05773502691896256,3,6.928203230275506,6.298366572977734
2025-01-29_17-41-03_076e2825a7274661bd0697c42d6fa4c0__1920x1088@25fps-28q_merged_frame_0018_arena_5_20250307_110445_720,0.8333333333333334,0.05773502691896257,0.9166666666666666,0.02886751345948125,3,6.928203230275508,3.1491832864888636
2025-01-29_17-41-03_076e2825a7274661bd0697c42d6fa4c0__1920x1088@25fps-28q_merged_frame_0089_arena_2_20250307_110627_254,0.8333333333333334,0.11547005383792519,0.9333333333333332,0.028867513459481253,3,13.856406460551021,3.092947870658706
2025-01-29_17-41-03_076e2825a7274661bd0697c42d6fa4c0__1920x1088@25fps-28q_merged_frame_0004_arena_5_20250307_110420_408,0.8333333333333334,0.05773502691896256,0.9166666666666666,0.028867513459481253,3,6.928203230275506,3.1491832864888636
2025-01-29_17-41-03_076e2825a7274661bd0697c42d6fa4c0__1920x1088@25fps-28q_merged_frame_0016_arena_4_20250307_110442_456,0.8333333333333334,0.05773502691896256,0.9433333333333334,0.04041451884327378,3,6.928203230275506,4.284224612361178
2025-01-29_17-41-03_076e2825a7274661bd0697c42d6fa4c0__1920x1088@25fps-28q_merged_frame_0020_arena_6_20250307_110448_906,0.8333333333333334,0.05773502691896257,0.9166666666666666,0.02886751345948125,3,6.928203230275508,3.1491832864888636
2025-01-29_17-41-03_076e2825a7274661bd0697c42d6fa4c0__1920x1088@25fps-28q_merged_frame_0040_arena_2_20250307_110524_747,0.8333333333333334,0.05773502691896256,0.9,0.04999999999999999,3,6.928203230275506,5.555555555555554
2025-01-29_17-41-03_076e2825a7274661bd0697c42d6fa4c0__1920x1088@25fps-28q_merged_frame_0060_arena_5_20250307_110550_258,0.8333333333333334,0.05773502691896257,0.9499999999999998,1.3597399555105182e-16,3,6.928203230275508,1.4313052163268617e-14
2025-01-29_17-41-03_076e2825a7274661bd0697c42d6fa4c0__1920x1088@25fps-28q_merged_frame_0025_arena_4_20250307_110456_529,0.8333333333333334,0.05773502691896257,0.9266666666666667,0.046188021535170036,3,6.928203230275508,4.984318870701801
2025-01-29_17-41-03_076e2825a7274661bd0697c42d6fa4c0__1920x1088@25fps-28q_merged_frame_0008_arena_1_20250307_110426_460,0.8333333333333334,0.05773502691896256,0.9166666666666666,0.028867513459481253,3,6.928203230275506,3.1491832864888636
2025-01-29_17-41-03_076e2825a7274661bd0697c42d6fa4c0__1920x1088@25fps-28q_merged_frame_0040_arena_3_20250307_110524_747,0.8333333333333334,0.05773502691896257,0.9333333333333332,0.05773502691896257,3,6.928203230275508,6.1858957413174185
2025-01-29_17-41-03_076e2825a7274661bd0697c42d6fa4c0__1920x1088@25fps-28q_merged_frame_0090_arena_6_20250307_110628_381,0.8333333333333334,0.05773502691896256,0.9066666666666666,0.04041451884327378,3,6.928203230275506,4.457483695949314
2025-01-29_17-41-03_076e2825a7274661bd0697c42d6fa4c0__1920x1088@25fps-28q_merged_frame_0072_arena_6_20250307_110604_297,0.8333333333333334,0.05773502691896257,0.9166666666666666,0.02886751345948125,3,6.928203230275508,3.1491832864888636
2025-01-29_17-41-03_076e2825a7274661bd0697c42d6fa4c0__1920x1088@25fps-28q_merged_frame_0058_arena_3_20250307_110547_958,0.8333333333333334,0.05773502691896256,0.9333333333333332,0.028867513459481253,3,6.928203230275506,3.092947870658706
2025-01-29_17-41-03_076e2825a7274661bd0697c42d6fa4c0__1920x1088@25fps-28q_merged_frame_0075_arena_6_20250307_110607_898,0.8333333333333334,0.05773502691896256,0.9166666666666666,0.07637626158259735,3,6.928203230275506,8.331955809010621
2025-01-29_17-41-03_076e2825a7274661bd0697c42d6fa4c0__1920x1088@25fps-28q_merged_frame_0066_arena_6_20250307_110557_338,0.8333333333333334,0.05773502691896257,0.9333333333333332,0.028867513459481253,3,6.928203230275508,3.092947870658706
2025-01-29_17-41-03_076e2825a7274661bd0697c42d6fa4c0__1920x1088@25fps-28q_merged_frame_0089_arena_6_20250307_110627_254,0.8333333333333334,0.05773502691896257,0.8833333333333333,0.07637626158259729,3,6.928203230275508,8.646369235765732
2025-01-29_17-41-03_076e2825a7274661bd0697c42d6fa4c0__1920x1088@25fps-28q_merged_frame_0074_arena_2_20250307_110606_692,0.8333333333333334,0.05773502691896256,0.9333333333333332,0.028867513459481253,3,6.928203230275506,3.092947870658706
2025-01-29_17-41-03_076e2825a7274661bd0697c42d6fa4c0__1920x1088@25fps-28q_merged_frame_0084_arena_4_20250307_110619_660,0.8333333333333334,0.05773502691896256,0.9333333333333332,0.028867513459481253,3,6.928203230275506,3.092947870658706
2025-01-29_17-41-03_076e2825a7274661bd0697c42d6fa4c0__1920x1088@25fps-28q_merged_frame_0009_arena_5_20250307_110427_665,0.8333333333333334,0.05773502691896256,0.9166666666666666,0.028867513459481253,3,6.928203230275506,3.1491832864888636
2025-01-29_17-41-03_076e2825a7274661bd0697c42d6fa4c0__1920x1088@25fps-28q_merged_frame_0061_arena_5_20250307_110551_476,0.8333333333333334,0.05773502691896256,0.9333333333333332,0.02886751345948125,3,6.928203230275506,3.0929478706587057
2025-01-29_17-41-03_076e2825a7274661bd0697c42d6fa4c0__1920x1088@25fps-28q_merged_frame_0073_arena_2_20250307_110605_437,0.8333333333333334,0.05773502691896257,0.9166666666666666,0.02886751345948125,3,6.928203230275508,3.1491832864888636
2025-01-29_17-41-03_076e2825a7274661bd0697c42d6fa4c0__1920x1088@25fps-28q_merged_frame_0083_arena_2_20250307_110618_465,0.8333333333333334,0.05773502691896256,0.9333333333333332,0.02886751345948125,3,6.928203230275506,3.0929478706587057
2025-01-29_17-41-03_076e2825a7274661bd0697c42d6fa4c0__1920x1088@25fps-28q_merged_frame_0079_arena_2_20250307_110613_926,0.8333333333333334,0.05773502691896256,0.9166666666666666,0.028867513459481253,3,6.928203230275506,3.1491832864888636
2025-01-29_17-41-03_076e2825a7274661bd0697c42d6fa4c0__1920x1088@25fps-28q_merged_frame_0026_arena_4_20250307_110458_787,0.8333333333333334,0.05773502691896256,0.9166666666666666,0.028867513459481253,3,6.928203230275506,3.1491832864888636
2025-01-29_17-41-03_076e2825a7274661bd0697c42d6fa4c0__1920x1088@25fps-28q_merged_frame_0055_arena_5_20250307_110544_516,0.8333333333333334,0.05773502691896256,0.8666666666666667,0.05773502691896256,3,6.928203230275506,6.661733875264911
2025-01-29_17-41-03_076e2825a7274661bd0697c42d6fa4c0__1920x1088@25fps-28q_merged_frame_0088_arena_4_20250307_110625_991,0.8333333333333334,0.05773502691896256,0.85,0.13228756555322954,3,6.928203230275506,15.5632430062623
2025-01-29_17-41-03_076e2825a7274661bd0697c42d6fa4c0__1920x1088@25fps-28q_merged_frame_0089_arena_4_20250307_110627_254,0.8333333333333334,0.05773502691896256,0.9333333333333332,0.028867513459481253,3,6.928203230275506,3.092947870658706
2025-01-29_17-41-03_076e2825a7274661bd0697c42d6fa4c0__1920x1088@25fps-28q_merged_frame_0042_arena_2_20250307_110528_268,0.8333333333333334,0.05773502691896257,0.9233333333333333,0.025166114784235794,3,6.928203230275508,2.7255719982926854
2025-01-29_17-41-03_076e2825a7274661bd0697c42d6fa4c0__1920x1088@25fps-28q_merged_frame_0055_arena_3_20250307_110544_516,0.8333333333333334,0.05773502691896256,0.9166666666666666,0.028867513459481253,3,6.928203230275506,3.1491832864888636
2025-01-29_17-41-03_076e2825a7274661bd0697c42d6fa4c0__1920x1088@25fps-28q_merged_frame_0074_arena_1_20250307_110606_692,0.8333333333333334,0.05773502691896257,0.9333333333333332,0.028867513459481253,3,6.928203230275508,3.092947870658706
2025-01-29_17-41-03_076e2825a7274661bd0697c42d6fa4c0__1920x1088@25fps-28q_merged_frame_0061_arena_3_20250307_110551_476,0.8333333333333334,0.05773502691896256,0.9166666666666666,0.028867513459481253,3,6.928203230275506,3.1491832864888636
2025-01-29_17-41-03_076e2825a7274661bd0697c42d6fa4c0__1920x1088@25fps-28q_merged_frame_0089_arena_3_20250307_110627_254,0.8333333333333334,0.05773502691896256,0.9333333333333332,0.02886751345948125,3,6.928203230275506,3.0929478706587057
2025-01-29_17-41-03_076e2825a7274661bd0697c42d6fa4c0__1920x1088@25fps-28q_merged_frame_0029_arena_1_20250307_110505_414,0.8333333333333334,0.05773502691896257,0.9,0.04999999999999999,3,6.928203230275508,5.555555555555554
2025-01-29_17-41-03_076e2825a7274661bd0697c42d6fa4c0__1920x1088@25fps-28q_merged_frame_0043_arena_5_20250307_110529_636,0.8333333333333334,0.05773502691896256,0.9333333333333332,0.028867513459481253,3,6.928203230275506,3.092947870658706
2025-01-29_17-41-03_076e2825a7274661bd0697c42d6fa4c0__1920x1088@25fps-28q_merged_frame_0003_arena_5_20250307_110419_228,0.8333333333333334,0.05773502691896257,0.9333333333333332,0.028867513459481253,3,6.928203230275508,3.092947870658706
2025-01-29_17-41-03_076e2825a7274661bd0697c42d6fa4c0__1920x1088@25fps-28q_merged_frame_0039_arena_2_20250307_110521_874,0.8333333333333334,0.05773502691896256,0.9333333333333332,0.028867513459481253,3,6.928203230275506,3.092947870658706
2025-01-29_17-41-03_076e2825a7274661bd0697c42d6fa4c0__1920x1088@25fps-28q_merged_frame_0053_arena_1_20250307_110542_213,0.8333333333333334,0.05773502691896256,0.9333333333333332,0.028867513459481253,3,6.928203230275506,3.092947870658706
2025-01-29_17-41-03_076e2825a7274661bd0697c42d6fa4c0__1920x1088@25fps-28q_merged_frame_0043_arena_6_20250307_110529_636,0.8333333333333334,0.05773502691896256,0.9333333333333332,0.028867513459481253,3,6.928203230275506,3.092947870658706
2025-01-29_17-41-03_076e2825a7274661bd0697c42d6fa4c0__1920x1088@25fps-28q_merged_frame_0026_arena_2_20250307_110458_787,0.8333333333333334,0.05773502691896256,0.9333333333333332,0.028867513459481253,3,6.928203230275506,3.092947870658706
2025-01-29_17-41-03_076e2825a7274661bd0697c42d6fa4c0__1920x1088@25fps-28q_merged_frame_0047_arena_4_20250307_110534_943,0.8333333333333334,0.05773502691896256,0.9166666666666666,0.028867513459481253,3,6.928203230275506,3.1491832864888636
2025-01-29_17-41-03_076e2825a7274661bd0697c42d6fa4c0__1920x1088@25fps-28q_merged_frame_0012_arena_2_20250307_110433_936,0.8333333333333334,0.05773502691896256,0.9333333333333332,0.028867513459481253,3,6.928203230275506,3.092947870658706
2025-01-29_17-41-03_076e2825a7274661bd0697c42d6fa4c0__1920x1088@25fps-28q_merged_frame_0045_arena_1_20250307_110532_471,0.8333333333333334,0.1527525231651947,0.9333333333333332,0.05773502691896257,3,18.330302779823363,6.1858957413174185
2025-01-29_17-41-03_076e2825a7274661bd0697c42d6fa4c0__1920x1088@25fps-28q_merged_frame_0071_arena_2_20250307_110603_178,0.8333333333333334,0.05773502691896257,0.9333333333333332,0.028867513459481253,3,6.928203230275508,3.092947870658706
2025-01-29_17-41-03_076e2825a7274661bd0697c42d6fa4c0__1920x1088@25fps-28q_merged_frame_0033_arena_4_20250307_110510_814,0.8333333333333334,0.05773502691896256,0.9,0.04999999999999999,3,6.928203230275506,5.555555555555554
2025-01-29_17-41-03_076e2825a7274661bd0697c42d6fa4c0__1920x1088@25fps-28q_merged_frame_0088_arena_2_20250307_110625_991,0.8300000000000001,0.0519615242270663,0.8666666666666667,0.05773502691896256,3,6.260424605670638,6.661733875264911
2025-01-29_17-41-03_076e2825a7274661bd0697c42d6fa4c0__1920x1088@25fps-28q_merged_frame_0038_arena_3_20250307_110519_535,0.8266666666666667,0.14189197769195175,0.9,0.0,3,17.164352140155454,0.0
2025-01-29_17-41-03_076e2825a7274661bd0697c42d6fa4c0__1920x1088@25fps-28q_merged_frame_0049_arena_6_20250307_110537_312,0.825,0.03535533905932733,0.91,0.014142135623730963,2,4.285495643554828,1.5540808377726332
2025-01-29_17-41-03_076e2825a7274661bd0697c42d6fa4c0__1920x1088@25fps-28q_merged_frame_0044_arena_5_20250307_110531_212,0.825,0.03535533905932733,0.925,0.03535533905932733,2,4.285495643554828,3.8221988172245758
2025-01-29_17-41-03_076e2825a7274661bd0697c42d6fa4c0__1920x1088@25fps-28q_merged_frame_0020_arena_3_20250307_110448_906,0.825,0.03535533905932733,0.9,0.0,2,4.285495643554828,0.0
2025-01-29_17-41-03_076e2825a7274661bd0697c42d6fa4c0__1920x1088@25fps-28q_merged_frame_0091_arena_4_20250307_110629_660,0.82,0.13114877048604,0.9133333333333334,0.07094598884597587,3,15.993752498297564,7.767808997734583
2025-01-29_17-41-03_076e2825a7274661bd0697c42d6fa4c0__1920x1088@25fps-28q_merged_frame_0083_arena_5_20250307_110618_465,0.8166666666666668,0.02886751345948125,0.9,0.0,3,3.534797566467091,0.0
2025-01-29_17-41-03_076e2825a7274661bd0697c42d6fa4c0__1920x1088@25fps-28q_merged_frame_0021_arena_5_20250307_110450_165,0.8166666666666668,0.07637626158259735,0.9,0.08660254037844381,3,9.352195295828245,9.622504486493757
2025-01-29_17-41-03_076e2825a7274661bd0697c42d6fa4c0__1920x1088@25fps-28q_merged_frame_0076_arena_4_20250307_110609_051,0.8166666666666668,0.18929694486000911,0.89,0.07937253933193769,3,23.179217737960297,8.918262846285135
2025-01-29_17-41-03_076e2825a7274661bd0697c42d6fa4c0__1920x1088@25fps-28q_merged_frame_0066_arena_2_20250307_110557_338,0.8166666666666668,0.028867513459481253,0.9166666666666666,0.02886751345948125,3,3.534797566467092,3.1491832864888636
2025-01-29_17-41-03_076e2825a7274661bd0697c42d6fa4c0__1920x1088@25fps-28q_merged_frame_0065_arena_6_20250307_110556_226,0.8166666666666668,0.028867513459481253,0.9166666666666666,0.028867513459481253,3,3.534797566467092,3.1491832864888636
2025-01-29_17-41-03_076e2825a7274661bd0697c42d6fa4c0__1920x1088@25fps-28q_merged_frame_0008_arena_5_20250307_110426_460,0.815,0.04949747468305829,0.8899999999999999,0.08485281374238571,2,6.073309777062367,9.534024015998394
2025-01-29_17-41-03_076e2825a7274661bd0697c42d6fa4c0__1920x1088@25fps-28q_merged_frame_0028_arena_1_20250307_110503_183,0.8000000000000002,1.3597399555105182e-16,0.9,0.0,3,1.6996749443881475e-14,0.0
2025-01-29_17-41-03_076e2825a7274661bd0697c42d6fa4c0__1920x1088@25fps-28q_merged_frame_0069_arena_2_20250307_110600_861,0.8000000000000002,1.3597399555105182e-16,0.9166666666666666,0.028867513459481253,3,1.6996749443881475e-14,3.1491832864888636
2025-01-29_17-41-03_076e2825a7274661bd0697c42d6fa4c0__1920x1088@25fps-28q_merged_frame_0052_arena_6_20250307_110540_678,0.8000000000000002,1.3597399555105182e-16,0.9,0.0,3,1.6996749443881475e-14,0.0
2025-01-29_17-41-03_076e2825a7274661bd0697c42d6fa4c0__1920x1088@25fps-28q_merged_frame_0043_arena_4_20250307_110529_636,0.8000000000000002,1.3597399555105182e-16,0.9166666666666666,0.02886751345948125,3,1.6996749443881475e-14,3.1491832864888636
2025-01-29_17-41-03_076e2825a7274661bd0697c42d6fa4c0__1920x1088@25fps-28q_merged_frame_0006_arena_6_20250307_110422_826,0.8000000000000002,1.3597399555105182e-16,0.9333333333333332,0.02886751345948125,3,1.6996749443881475e-14,3.0929478706587057
2025-01-29_17-41-03_076e2825a7274661bd0697c42d6fa4c0__1920x1088@25fps-28q_merged_frame_0075_arena_1_20250307_110607_898,0.8000000000000002,1.3597399555105182e-16,0.9,0.0,3,1.6996749443881475e-14,0.0
2025-01-29_17-41-03_076e2825a7274661bd0697c42d6fa4c0__1920x1088@25fps-28q_merged_frame_0040_arena_5_20250307_110524_747,0.8000000000000002,1.3597399555105182e-16,0.9166666666666666,0.028867513459481253,3,1.6996749443881475e-14,3.1491832864888636
2025-01-29_17-41-03_076e2825a7274661bd0697c42d6fa4c0__1920x1088@25fps-28q_merged_frame_0038_arena_4_20250307_110519_535,0.8000000000000002,1.3597399555105182e-16,0.94,0.03605551275463986,3,1.6996749443881475e-14,3.8356928462382833
2025-01-29_17-41-03_076e2825a7274661bd0697c42d6fa4c0__1920x1088@25fps-28q_merged_frame_0085_arena_6_20250307_110621_270,0.8000000000000002,1.3597399555105182e-16,0.9166666666666666,0.02886751345948125,3,1.6996749443881475e-14,3.1491832864888636
2025-01-29_17-41-03_076e2825a7274661bd0697c42d6fa4c0__1920x1088@25fps-28q_merged_frame_0072_arena_5_20250307_110604_297,0.8000000000000002,1.3597399555105182e-16,0.7999999999999999,0.17320508075688776,3,1.6996749443881475e-14,21.65063509461097
2025-01-29_17-41-03_076e2825a7274661bd0697c42d6fa4c0__1920x1088@25fps-28q_merged_frame_0069_arena_4_20250307_110600_861,0.8000000000000002,1.3597399555105182e-16,0.9166666666666666,0.02886751345948125,3,1.6996749443881475e-14,3.1491832864888636
2025-01-29_17-41-03_076e2825a7274661bd0697c42d6fa4c0__1920x1088@25fps-28q_merged_frame_0064_arena_6_20250307_110554_969,0.8000000000000002,1.3597399555105182e-16,0.9333333333333332,0.02886751345948125,3,1.6996749443881475e-14,3.0929478706587057
2025-01-29_17-41-03_076e2825a7274661bd0697c42d6fa4c0__1920x1088@25fps-28q_merged_frame_0065_arena_3_20250307_110556_226,0.8000000000000002,1.3597399555105182e-16,0.9,0.0,3,1.6996749443881475e-14,0.0
2025-01-29_17-41-03_076e2825a7274661bd0697c42d6fa4c0__1920x1088@25fps-28q_merged_frame_0080_arena_4_20250307_110615_044,0.8000000000000002,1.3597399555105182e-16,0.9166666666666666,0.028867513459481253,3,1.6996749443881475e-14,3.1491832864888636
2025-01-29_17-41-03_076e2825a7274661bd0697c42d6fa4c0__1920x1088@25fps-28q_merged_frame_0002_arena_1_20250307_110417_988,0.8000000000000002,1.3597399555105182e-16,0.9,0.04999999999999999,3,1.6996749443881475e-14,5.555555555555554
2025-01-29_17-41-03_076e2825a7274661bd0697c42d6fa4c0__1920x1088@25fps-28q_merged_frame_0057_arena_2_20250307_110546_828,0.8000000000000002,1.3597399555105182e-16,0.9166666666666666,0.02886751345948125,3,1.6996749443881475e-14,3.1491832864888636
2025-01-29_17-41-03_076e2825a7274661bd0697c42d6fa4c0__1920x1088@25fps-28q_merged_frame_0003_arena_2_20250307_110419_228,0.8000000000000002,1.3597399555105182e-16,0.9,0.0,3,1.6996749443881475e-14,0.0
2025-01-29_17-41-03_076e2825a7274661bd0697c42d6fa4c0__1920x1088@25fps-28q_merged_frame_0070_arena_5_20250307_110601_980,0.8000000000000002,1.3597399555105182e-16,0.9,0.0,3,1.6996749443881475e-14,0.0
2025-01-29_17-41-03_076e2825a7274661bd0697c42d6fa4c0__1920x1088@25fps-28q_merged_frame_0068_arena_1_20250307_110559_737,0.8000000000000002,1.3597399555105182e-16,0.8333333333333334,0.11547005383792519,3,1.6996749443881475e-14,13.856406460551021
2025-01-29_17-41-03_076e2825a7274661bd0697c42d6fa4c0__1920x1088@25fps-28q_merged_frame_0036_arena_6_20250307_110514_972,0.8000000000000002,1.3597399555105182e-16,0.9,0.0,3,1.6996749443881475e-14,0.0
2025-01-29_17-41-03_076e2825a7274661bd0697c42d6fa4c0__1920x1088@25fps-28q_merged_frame_0029_arena_3_20250307_110505_414,0.8000000000000002,1.3597399555105182e-16,0.9,0.0,3,1.6996749443881475e-14,0.0
2025-01-29_17-41-03_076e2825a7274661bd0697c42d6fa4c0__1920x1088@25fps-28q_merged_frame_0006_arena_2_20250307_110422_826,0.8000000000000002,1.3597399555105182e-16,0.9166666666666666,0.02886751345948125,3,1.6996749443881475e-14,3.1491832864888636
2025-01-29_17-41-03_076e2825a7274661bd0697c42d6fa4c0__1920x1088@25fps-28q_merged_frame_0080_arena_2_20250307_110615_044,0.8000000000000002,1.3597399555105182e-16,0.9,0.0,3,1.6996749443881475e-14,0.0
2025-01-29_17-41-03_076e2825a7274661bd0697c42d6fa4c0__1920x1088@25fps-28q_merged_frame_0067_arena_3_20250307_110558_466,0.8000000000000002,1.3597399555105182e-16,0.9166666666666666,0.028867513459481253,3,1.6996749443881475e-14,3.1491832864888636
2025-01-29_17-41-03_076e2825a7274661bd0697c42d6fa4c0__1920x1088@25fps-28q_merged_frame_0013_arena_1_20250307_110435_902,0.8000000000000002,1.3597399555105182e-16,0.9,0.0,3,1.6996749443881475e-14,0.0
2025-01-29_17-41-03_076e2825a7274661bd0697c42d6fa4c0__1920x1088@25fps-28q_merged_frame_0069_arena_5_20250307_110600_861,0.8000000000000002,1.3597399555105182e-16,0.9166666666666666,0.028867513459481253,3,1.6996749443881475e-14,3.1491832864888636
2025-01-29_17-41-03_076e2825a7274661bd0697c42d6fa4c0__1920x1088@25fps-28q_merged_frame_0017_arena_3_20250307_110444_137,0.8000000000000002,1.3597399555105182e-16,0.9,0.0,3,1.6996749443881475e-14,0.0
2025-01-29_17-41-03_076e2825a7274661bd0697c42d6fa4c0__1920x1088@25fps-28q_merged_frame_0019_arena_6_20250307_110447_168,0.8000000000000002,1.3597399555105182e-16,0.8833333333333333,0.028867513459481315,3,1.6996749443881475e-14,3.2680203916393946
2025-01-29_17-41-03_076e2825a7274661bd0697c42d6fa4c0__1920x1088@25fps-28q_merged_frame_0061_arena_6_20250307_110551_476,0.8000000000000002,1.3597399555105182e-16,0.9166666666666666,0.02886751345948125,3,1.6996749443881475e-14,3.1491832864888636
2025-01-29_17-41-03_076e2825a7274661bd0697c42d6fa4c0__1920x1088@25fps-28q_merged_frame_0021_arena_6_20250307_110450_165,0.8000000000000002,1.3597399555105182e-16,0.9166666666666666,0.028867513459481253,3,1.6996749443881475e-14,3.1491832864888636
2025-01-29_17-41-03_076e2825a7274661bd0697c42d6fa4c0__1920x1088@25fps-28q_merged_frame_0036_arena_1_20250307_110514_972,0.8000000000000002,1.3597399555105182e-16,0.9,0.04999999999999999,3,1.6996749443881475e-14,5.555555555555554
2025-01-29_17-41-03_076e2825a7274661bd0697c42d6fa4c0__1920x1088@25fps-28q_merged_frame_0071_arena_3_20250307_110603_178,0.8000000000000002,1.3597399555105182e-16,0.9,0.0,3,1.6996749443881475e-14,0.0
2025-01-29_17-41-03_076e2825a7274661bd0697c42d6fa4c0__1920x1088@25fps-28q_merged_frame_0002_arena_4_20250307_110417_988,0.8000000000000002,1.3597399555105182e-16,0.9333333333333332,0.02886751345948125,3,1.6996749443881475e-14,3.0929478706587057
2025-01-29_17-41-03_076e2825a7274661bd0697c42d6fa4c0__1920x1088@25fps-28q_merged_frame_0062_arena_4_20250307_110552_673,0.8000000000000002,1.3597399555105182e-16,0.9166666666666666,0.02886751345948125,3,1.6996749443881475e-14,3.1491832864888636
2025-01-29_17-41-03_076e2825a7274661bd0697c42d6fa4c0__1920x1088@25fps-28q_merged_frame_0035_arena_4_20250307_110513_521,0.8000000000000002,1.3597399555105182e-16,0.9166666666666666,0.028867513459481253,3,1.6996749443881475e-14,3.1491832864888636
2025-01-29_17-41-03_076e2825a7274661bd0697c42d6fa4c0__1920x1088@25fps-28q_merged_frame_0090_arena_5_20250307_110628_381,0.8000000000000002,1.3597399555105182e-16,0.9,0.0,3,1.6996749443881475e-14,0.0
2025-01-29_17-41-03_076e2825a7274661bd0697c42d6fa4c0__1920x1088@25fps-28q_merged_frame_0013_arena_3_20250307_110435_902,0.8000000000000002,1.3597399555105182e-16,0.8966666666666666,0.005773502691896263,3,1.6996749443881475e-14,0.6438850585757915
2025-01-29_17-41-03_076e2825a7274661bd0697c42d6fa4c0__1920x1088@25fps-28q_merged_frame_0057_arena_4_20250307_110546_828,0.8000000000000002,1.3597399555105182e-16,0.8666666666666667,0.028867513459481315,3,1.6996749443881475e-14,3.3308669376324596
2025-01-29_17-41-03_076e2825a7274661bd0697c42d6fa4c0__1920x1088@25fps-28q_merged_frame_0045_arena_2_20250307_110532_471,0.8,,0.9,,1,,
2025-01-29_17-41-03_076e2825a7274661bd0697c42d6fa4c0__1920x1088@25fps-28q_merged_frame_0002_arena_5_20250307_110417_988,0.8,,0.9,,1,,
2025-01-29_17-41-03_076e2825a7274661bd0697c42d6fa4c0__1920x1088@25fps-28q_merged_frame_0010_arena_6_20250307_110429_209,0.8,,0.9,,1,,
2025-01-29_17-41-03_076e2825a7274661bd0697c42d6fa4c0__1920x1088@25fps-28q_merged_frame_0035_arena_1_20250307_110513_521,0.8,0.0,0.925,0.03535533905932733,2,0.0,3.8221988172245758
2025-01-29_17-41-03_076e2825a7274661bd0697c42d6fa4c0__1920x1088@25fps-28q_merged_frame_0048_arena_1_20250307_110536_142,0.8,,0.9,,1,,
2025-01-29_17-41-03_076e2825a7274661bd0697c42d6fa4c0__1920x1088@25fps-28q_merged_frame_0047_arena_3_20250307_110534_943,0.8,0.0,0.9,0.0,2,0.0,0.0
2025-01-29_17-41-03_076e2825a7274661bd0697c42d6fa4c0__1920x1088@25fps-28q_merged_frame_0011_arena_1_20250307_110431_795,0.8,0.0,0.9,0.0,2,0.0,0.0
2025-01-29_17-41-03_076e2825a7274661bd0697c42d6fa4c0__1920x1088@25fps-28q_merged_frame_0075_arena_5_20250307_110607_898,0.8,,0.85,,1,,
2025-01-29_17-41-03_076e2825a7274661bd0697c42d6fa4c0__1920x1088@25fps-28q_merged_frame_0069_arena_6_20250307_110600_861,0.8,0.0,0.8999999999999999,0.07071067811865474,2,0.0,7.856742013183861
2025-01-29_17-41-03_076e2825a7274661bd0697c42d6fa4c0__1920x1088@25fps-28q_merged_frame_0076_arena_1_20250307_110609_051,0.8,0.0,0.9,0.0,2,0.0,0.0
2025-01-29_17-41-03_076e2825a7274661bd0697c42d6fa4c0__1920x1088@25fps-28q_merged_frame_0082_arena_4_20250307_110617_261,0.8,,0.82,,1,,
2025-01-29_17-41-03_076e2825a7274661bd0697c42d6fa4c0__1920x1088@25fps-28q_merged_frame_0046_arena_2_20250307_110533_714,0.8,0.0,0.9,0.0,2,0.0,0.0
2025-01-29_17-41-03_076e2825a7274661bd0697c42d6fa4c0__1920x1088@25fps-28q_merged_frame_0081_arena_1_20250307_110616_153,0.8,0.14142135623730953,0.875,0.10606601717798207,2,17.67766952966369,12.121830534626522
2025-01-29_17-41-03_076e2825a7274661bd0697c42d6fa4c0__1920x1088@25fps-28q_merged_frame_0079_arena_6_20250307_110613_926,0.8,,0.9,,1,,
2025-01-29_17-41-03_076e2825a7274661bd0697c42d6fa4c0__1920x1088@25fps-28q_merged_frame_0068_arena_6_20250307_110559_737,0.8,0.0,0.925,0.03535533905932733,2,0.0,3.8221988172245758
2025-01-29_17-41-03_076e2825a7274661bd0697c42d6fa4c0__1920x1088@25fps-28q_merged_frame_0074_arena_6_20250307_110606_692,0.8,0.0,0.9,0.0,2,0.0,0.0
2025-01-29_17-41-03_076e2825a7274661bd0697c42d6fa4c0__1920x1088@25fps-28q_merged_frame_0063_arena_5_20250307_110553_859,0.8,0.0,0.95,0.07071067811865474,2,0.0,7.443229275647867
2025-01-29_17-41-03_076e2825a7274661bd0697c42d6fa4c0__1920x1088@25fps-28q_merged_frame_0036_arena_4_20250307_110514_972,0.8,0.0,0.9,0.0,2,0.0,0.0
2025-01-29_17-41-03_076e2825a7274661bd0697c42d6fa4c0__1920x1088@25fps-28q_merged_frame_0048_arena_5_20250307_110536_142,0.8,0.0,0.935,0.04949747468305829,2,0.0,5.2938475596853785
2025-01-29_17-41-03_076e2825a7274661bd0697c42d6fa4c0__1920x1088@25fps-28q_merged_frame_0057_arena_6_20250307_110546_828,0.8,0.0,0.9,0.0,2,0.0,0.0
2025-01-29_17-41-03_076e2825a7274661bd0697c42d6fa4c0__1920x1088@25fps-28q_merged_frame_0005_arena_5_20250307_110421_641,0.8,0.0,0.925,0.03535533905932733,2,0.0,3.8221988172245758
2025-01-29_17-41-03_076e2825a7274661bd0697c42d6fa4c0__1920x1088@25fps-28q_merged_frame_0004_arena_1_20250307_110420_408,0.8,0.0,0.925,0.03535533905932733,2,0.0,3.8221988172245758
2025-01-29_17-41-03_076e2825a7274661bd0697c42d6fa4c0__1920x1088@25fps-28q_merged_frame_0041_arena_5_20250307_110526_950,0.8,0.0,0.9,0.0,2,0.0,0.0
2025-01-29_17-41-03_076e2825a7274661bd0697c42d6fa4c0__1920x1088@25fps-28q_merged_frame_0086_arena_4_20250307_110622_528,0.8,,0.95,,1,,
2025-01-29_17-41-03_076e2825a7274661bd0697c42d6fa4c0__1920x1088@25fps-28q_merged_frame_0053_arena_3_20250307_110542_213,0.8,0.0,0.9,0.0,2,0.0,0.0
2025-01-29_17-41-03_076e2825a7274661bd0697c42d6fa4c0__1920x1088@25fps-28q_merged_frame_0067_arena_5_20250307_110558_466,0.8,0.0,0.9,0.0,2,0.0,0.0
2025-01-29_17-41-03_076e2825a7274661bd0697c42d6fa4c0__1920x1088@25fps-28q_merged_frame_0003_arena_3_20250307_110419_228,0.8,,0.9,,1,,
2025-01-29_17-41-03_076e2825a7274661bd0697c42d6fa4c0__1920x1088@25fps-28q_merged_frame_0043_arena_1_20250307_110529_636,0.8,0.0,0.925,0.03535533905932733,2,0.0,3.8221988172245758
2025-01-29_17-41-03_076e2825a7274661bd0697c42d6fa4c0__1920x1088@25fps-28q_merged_frame_0076_arena_3_20250307_110609_051,0.8,,0.95,,1,,
2025-01-29_17-41-03_076e2825a7274661bd0697c42d6fa4c0__1920x1088@25fps-28q_merged_frame_0082_arena_1_20250307_110617_261,0.8,0.0,0.875,0.03535533905932741,2,0.0,4.040610178208847
2025-01-29_17-41-03_076e2825a7274661bd0697c42d6fa4c0__1920x1088@25fps-28q_merged_frame_0029_arena_5_20250307_110505_414,0.8,,0.9,,1,,
2025-01-29_17-41-03_076e2825a7274661bd0697c42d6fa4c0__1920x1088@25fps-28q_merged_frame_0043_arena_3_20250307_110529_636,0.8,0.0,0.9,0.0,2,0.0,0.0
2025-01-29_17-41-03_076e2825a7274661bd0697c42d6fa4c0__1920x1088@25fps-28q_merged_frame_0090_arena_1_20250307_110628_381,0.8,0.0,0.9,0.0,2,0.0,0.0
2025-01-29_17-41-03_076e2825a7274661bd0697c42d6fa4c0__1920x1088@25fps-28q_merged_frame_0055_arena_1_20250307_110544_516,0.8,,0.9,,1,,
2025-01-29_17-41-03_076e2825a7274661bd0697c42d6fa4c0__1920x1088@25fps-28q_merged_frame_0078_arena_6_20250307_110612_197,0.8,0.0,0.8500000000000001,0.07071067811865474,2,0.0,8.318903308077028
2025-01-29_17-41-03_076e2825a7274661bd0697c42d6fa4c0__1920x1088@25fps-28q_merged_frame_0080_arena_5_20250307_110615_044,0.8,,0.95,,1,,
2025-01-29_17-41-03_076e2825a7274661bd0697c42d6fa4c0__1920x1088@25fps-28q_merged_frame_0048_arena_4_20250307_110536_142,0.8,0.0,0.825,0.03535533905932733,2,0.0,4.285495643554828
2025-01-29_17-41-03_076e2825a7274661bd0697c42d6fa4c0__1920x1088@25fps-28q_merged_frame_0039_arena_4_20250307_110521_874,0.8,0.0,0.9,0.0,2,0.0,0.0
2025-01-29_17-41-03_076e2825a7274661bd0697c42d6fa4c0__1920x1088@25fps-28q_merged_frame_0011_arena_2_20250307_110431_795,0.8,,0.9,,1,,
2025-01-29_17-41-03_076e2825a7274661bd0697c42d6fa4c0__1920x1088@25fps-28q_merged_frame_0001_arena_4_20250307_110416_791,0.8,,0.9,,1,,
2025-01-29_17-41-03_076e2825a7274661bd0697c42d6fa4c0__1920x1088@25fps-28q_merged_frame_0070_arena_6_20250307_110601_980,0.8,0.0,0.9,0.0,2,0.0,0.0
2025-01-29_17-41-03_076e2825a7274661bd0697c42d6fa4c0__1920x1088@25fps-28q_merged_frame_0085_arena_3_20250307_110621_270,0.8,0.0,0.875,0.03535533905932741,2,0.0,4.040610178208847
2025-01-29_17-41-03_076e2825a7274661bd0697c42d6fa4c0__1920x1088@25fps-28q_merged_frame_0022_arena_3_20250307_110451_641,0.8,,0.9,,1,,
2025-01-29_17-41-03_076e2825a7274661bd0697c42d6fa4c0__1920x1088@25fps-28q_merged_frame_0007_arena_3_20250307_110424_554,0.8,,0.9,,1,,
2025-01-29_17-41-03_076e2825a7274661bd0697c42d6fa4c0__1920x1088@25fps-28q_merged_frame_0073_arena_4_20250307_110605_437,0.8,,0.95,,1,,
2025-01-29_17-41-03_076e2825a7274661bd0697c42d6fa4c0__1920x1088@25fps-28q_merged_frame_0030_arena_5_20250307_110506_951,0.8,0.0,0.8,0.14142135623730953,2,0.0,17.67766952966369
2025-01-29_17-41-03_076e2825a7274661bd0697c42d6fa4c0__1920x1088@25fps-28q_merged_frame_0014_arena_3_20250307_110437_738,0.8,0.0,0.925,0.03535533905932733,2,0.0,3.8221988172245758
2025-01-29_17-41-03_076e2825a7274661bd0697c42d6fa4c0__1920x1088@25fps-28q_merged_frame_0022_arena_5_20250307_110451_641,0.8,0.0,0.7749999999999999,0.24748737341529162,2,0.0,31.933854634231178
2025-01-29_17-41-03_076e2825a7274661bd0697c42d6fa4c0__1920x1088@25fps-28q_merged_frame_0085_arena_1_20250307_110621_270,0.8,0.0,0.9,0.0,2,0.0,0.0
2025-01-29_17-41-03_076e2825a7274661bd0697c42d6fa4c0__1920x1088@25fps-28q_merged_frame_0088_arena_5_20250307_110625_991,0.8,0.0,0.925,0.03535533905932733,2,0.0,3.8221988172245758
2025-01-29_17-41-03_076e2825a7274661bd0697c42d6fa4c0__1920x1088@25fps-28q_merged_frame_0064_arena_4_20250307_110554_969,0.8,,0.9,,1,,
2025-01-29_17-41-03_076e2825a7274661bd0697c42d6fa4c0__1920x1088@25fps-28q_merged_frame_0052_arena_5_20250307_110540_678,0.8,,0.9,,1,,
2025-01-29_17-41-03_076e2825a7274661bd0697c42d6fa4c0__1920x1088@25fps-28q_merged_frame_0037_arena_4_20250307_110517_146,0.8,0.0,0.925,0.03535533905932733,2,0.0,3.8221988172245758
2025-01-29_17-41-03_076e2825a7274661bd0697c42d6fa4c0__1920x1088@25fps-28q_merged_frame_0026_arena_5_20250307_110458_787,0.8,0.0,0.9,0.0,2,0.0,0.0
2025-01-29_17-41-03_076e2825a7274661bd0697c42d6fa4c0__1920x1088@25fps-28q_merged_frame_0035_arena_6_20250307_110513_521,0.8,,0.95,,1,,
2025-01-29_17-41-03_076e2825a7274661bd0697c42d6fa4c0__1920x1088@25fps-28q_merged_frame_0060_arena_3_20250307_110550_258,0.8,0.0,0.9,0.0,2,0.0,0.0
2025-01-29_17-41-03_076e2825a7274661bd0697c42d6fa4c0__1920x1088@25fps-28q_merged_frame_0021_arena_4_20250307_110450_165,0.8,,0.9,,1,,
2025-01-29_17-41-03_076e2825a7274661bd0697c42d6fa4c0__1920x1088@25fps-28q_merged_frame_0039_arena_1_20250307_110521_874,0.8,0.0,0.9,0.0,2,0.0,0.0
2025-01-29_17-41-03_076e2825a7274661bd0697c42d6fa4c0__1920x1088@25fps-28q_merged_frame_0035_arena_5_20250307_110513_521,0.8,,0.9,,1,,
2025-01-29_17-41-03_076e2825a7274661bd0697c42d6fa4c0__1920x1088@25fps-28q_merged_frame_0014_arena_6_20250307_110437_738,0.8,0.0,0.875,0.03535533905932741,2,0.0,4.040610178208847
2025-01-29_17-41-03_076e2825a7274661bd0697c42d6fa4c0__1920x1088@25fps-28q_merged_frame_0001_arena_5_20250307_110416_791,0.8,,0.9,,1,,
2025-01-29_17-41-03_076e2825a7274661bd0697c42d6fa4c0__1920x1088@25fps-28q_merged_frame_0071_arena_6_20250307_110603_178,0.8,0.0,0.9,0.0,2,0.0,0.0
2025-01-29_17-41-03_076e2825a7274661bd0697c42d6fa4c0__1920x1088@25fps-28q_merged_frame_0023_arena_4_20250307_110453_213,0.8,0.0,0.91,0.014142135623730963,2,0.0,1.5540808377726332
2025-01-29_17-41-03_076e2825a7274661bd0697c42d6fa4c0__1920x1088@25fps-28q_merged_frame_0018_arena_1_20250307_110445_720,0.8,,0.9,,1,,
2025-01-29_17-41-03_076e2825a7274661bd0697c42d6fa4c0__1920x1088@25fps-28q_merged_frame_0005_arena_3_20250307_110421_641,0.8,0.0,0.95,0.0,2,0.0,0.0
2025-01-29_17-41-03_076e2825a7274661bd0697c42d6fa4c0__1920x1088@25fps-28q_merged_frame_0033_arena_1_20250307_110510_814,0.8,0.0,0.875,0.03535533905932741,2,0.0,4.040610178208847
2025-01-29_17-41-03_076e2825a7274661bd0697c42d6fa4c0__1920x1088@25fps-28q_merged_frame_0015_arena_4_20250307_110439_817,0.8,,0.8,,1,,
2025-01-29_17-41-03_076e2825a7274661bd0697c42d6fa4c0__1920x1088@25fps-28q_merged_frame_0060_arena_4_20250307_110550_258,0.8,0.0,0.8999999999999999,0.07071067811865474,2,0.0,7.856742013183861
2025-01-29_17-41-03_076e2825a7274661bd0697c42d6fa4c0__1920x1088@25fps-28q_merged_frame_0009_arena_6_20250307_110427_665,0.8,,0.9,,1,,
2025-01-29_17-41-03_076e2825a7274661bd0697c42d6fa4c0__1920x1088@25fps-28q_merged_frame_0083_arena_1_20250307_110618_465,0.8,0.0,0.9,0.0,2,0.0,0.0
2025-01-29_17-41-03_076e2825a7274661bd0697c42d6fa4c0__1920x1088@25fps-28q_merged_frame_0007_arena_5_20250307_110424_554,0.8,0.0,0.875,0.03535533905932741,2,0.0,4.040610178208847
2025-01-29_17-41-03_076e2825a7274661bd0697c42d6fa4c0__1920x1088@25fps-28q_merged_frame_0037_arena_2_20250307_110517_146,0.8,0.0,0.9,0.0,2,0.0,0.0
2025-01-29_17-41-03_076e2825a7274661bd0697c42d6fa4c0__1920x1088@25fps-28q_merged_frame_0028_arena_3_20250307_110503_183,0.8,0.0,0.875,0.03535533905932741,2,0.0,4.040610178208847
2025-01-29_17-41-03_076e2825a7274661bd0697c42d6fa4c0__1920x1088@25fps-28q_merged_frame_0031_arena_4_20250307_110508_179,0.8,0.0,0.925,0.03535533905932733,2,0.0,3.8221988172245758
2025-01-29_17-41-03_076e2825a7274661bd0697c42d6fa4c0__1920x1088@25fps-28q_merged_frame_0017_arena_6_20250307_110444_137,0.8,,0.9,,1,,
2025-01-29_17-41-03_076e2825a7274661bd0697c42d6fa4c0__1920x1088@25fps-28q_merged_frame_0026_arena_3_20250307_110458_787,0.8,,0.9,,1,,
2025-01-29_17-41-03_076e2825a7274661bd0697c42d6fa4c0__1920x1088@25fps-28q_merged_frame_0035_arena_3_20250307_110513_521,0.8,0.0,0.9,0.0,2,0.0,0.0
2025-01-29_17-41-03_076e2825a7274661bd0697c42d6fa4c0__1920x1088@25fps-28q_merged_frame_0074_arena_3_20250307_110606_692,0.8,,0.9,,1,,
2025-01-29_17-41-03_076e2825a7274661bd0697c42d6fa4c0__1920x1088@25fps-28q_merged_frame_0088_arena_3_20250307_110625_991,0.8,0.0,0.925,0.03535533905932733,2,0.0,3.8221988172245758
2025-01-29_17-41-03_076e2825a7274661bd0697c42d6fa4c0__1920x1088@25fps-28q_merged_frame_0012_arena_6_20250307_110433_936,0.7999999999999999,0.10000000000000003,0.9,0.08660254037844381,3,12.500000000000005,9.622504486493757
2025-01-29_17-41-03_076e2825a7274661bd0697c42d6fa4c0__1920x1088@25fps-28q_merged_frame_0006_arena_5_20250307_110422_826,0.7999999999999999,0.10000000000000003,0.8333333333333334,0.202072594216369,3,12.500000000000005,24.248711305964278
2025-01-29_17-41-03_076e2825a7274661bd0697c42d6fa4c0__1920x1088@25fps-28q_merged_frame_0077_arena_5_20250307_110610_189,0.7999999999999999,0.10000000000000003,0.9166666666666666,0.028867513459481253,3,12.500000000000005,3.1491832864888636
2025-01-29_17-41-03_076e2825a7274661bd0697c42d6fa4c0__1920x1088@25fps-28q_merged_frame_0023_arena_6_20250307_110453_213,0.7999999999999999,0.10000000000000003,0.8833333333333333,0.07637626158259729,3,12.500000000000005,8.646369235765732
2025-01-29_17-41-03_076e2825a7274661bd0697c42d6fa4c0__1920x1088@25fps-28q_merged_frame_0011_arena_6_20250307_110431_795,0.7999999999999999,0.17320508075688776,0.9166666666666666,0.05773502691896256,3,21.65063509461097,6.298366572977734
2025-01-29_17-41-03_076e2825a7274661bd0697c42d6fa4c0__1920x1088@25fps-28q_merged_frame_0059_arena_6_20250307_110549_066,0.7999999999999999,0.10000000000000003,0.9333333333333332,0.028867513459481253,3,12.500000000000005,3.092947870658706
2025-01-29_17-41-03_076e2825a7274661bd0697c42d6fa4c0__1920x1088@25fps-28q_merged_frame_0059_arena_5_20250307_110549_066,0.7999999999999999,0.10000000000000003,0.9166666666666666,0.028867513459481253,3,12.500000000000005,3.1491832864888636
2025-01-29_17-41-03_076e2825a7274661bd0697c42d6fa4c0__1920x1088@25fps-28q_merged_frame_0009_arena_3_20250307_110427_665,0.7999999999999999,0.10000000000000003,0.8833333333333333,0.07637626158259729,3,12.500000000000005,8.646369235765732
2025-01-29_17-41-03_076e2825a7274661bd0697c42d6fa4c0__1920x1088@25fps-28q_merged_frame_0037_arena_5_20250307_110517_146,0.7999999999999999,0.17320508075688776,0.9,0.08660254037844381,3,21.65063509461097,9.622504486493757
2025-01-29_17-41-03_076e2825a7274661bd0697c42d6fa4c0__1920x1088@25fps-28q_merged_frame_0020_arena_1_20250307_110448_906,0.7833333333333333,0.07637626158259735,0.9233333333333333,0.025166114784235794,3,9.750161053097534,2.7255719982926854
2025-01-29_17-41-03_076e2825a7274661bd0697c42d6fa4c0__1920x1088@25fps-28q_merged_frame_0088_arena_6_20250307_110625_991,0.77,0.04242640687119289,0.855,0.06363961030678926,2,5.509922970284791,7.443229275647867
2025-01-29_17-41-03_076e2825a7274661bd0697c42d6fa4c0__1920x1088@25fps-28q_merged_frame_0034_arena_1_20250307_110512_168,0.7666666666666666,0.1527525231651947,0.8833333333333333,0.07637626158259729,3,19.924242151981918,8.646369235765732
2025-01-29_17-41-03_076e2825a7274661bd0697c42d6fa4c0__1920x1088@25fps-28q_merged_frame_0084_arena_3_20250307_110619_660,0.7666666666666666,0.05773502691896263,0.9166666666666666,0.028867513459481253,3,7.530655685082083,3.1491832864888636
2025-01-29_17-41-03_076e2825a7274661bd0697c42d6fa4c0__1920x1088@25fps-28q_merged_frame_0076_arena_5_20250307_110609_051,0.7666666666666666,0.23094010767585033,0.8666666666666667,0.07637626158259729,3,30.122622740328303,8.812645567222765
2025-01-29_17-41-03_076e2825a7274661bd0697c42d6fa4c0__1920x1088@25fps-28q_merged_frame_0082_arena_6_20250307_110617_261,0.7666666666666666,0.05773502691896263,0.9,0.04999999999999999,3,7.530655685082083,5.555555555555554
2025-01-29_17-41-03_076e2825a7274661bd0697c42d6fa4c0__1920x1088@25fps-28q_merged_frame_0084_arena_6_20250307_110619_660,0.7666666666666666,0.05773502691896263,0.89,0.07937253933193769,3,7.530655685082083,8.918262846285135
2025-01-29_17-41-03_076e2825a7274661bd0697c42d6fa4c0__1920x1088@25fps-28q_merged_frame_0004_arena_3_20250307_110420_408,0.75,0.07071067811865482,0.8500000000000001,0.07071067811865474,2,9.428090415820643,8.318903308077028
2025-01-29_17-41-03_076e2825a7274661bd0697c42d6fa4c0__1920x1088@25fps-28q_merged_frame_0037_arena_6_20250307_110517_146,0.75,0.21213203435596428,0.875,0.10606601717798207,2,28.284271247461906,12.121830534626522
2025-01-29_17-41-03_076e2825a7274661bd0697c42d6fa4c0__1920x1088@25fps-28q_merged_frame_0079_arena_4_20250307_110613_926,0.75,0.21213203435596428,0.875,0.10606601717798207,2,28.284271247461906,12.121830534626522
2025-01-29_17-41-03_076e2825a7274661bd0697c42d6fa4c0__1920x1088@25fps-28q_merged_frame_0060_arena_1_20250307_110550_258,0.75,0.21213203435596428,0.8,0.0,2,28.284271247461906,0.0
2025-01-29_17-41-03_076e2825a7274661bd0697c42d6fa4c0__1920x1088@25fps-28q_merged_frame_0019_arena_2_20250307_110447_168,0.75,0.07071067811865482,0.9,0.0,2,9.428090415820643,0.0
2025-01-29_17-41-03_076e2825a7274661bd0697c42d6fa4c0__1920x1088@25fps-28q_merged_frame_0091_arena_3_20250307_110629_660,0.75,0.07071067811865482,0.875,0.03535533905932741,2,9.428090415820643,4.040610178208847
2025-01-29_17-41-03_076e2825a7274661bd0697c42d6fa4c0__1920x1088@25fps-28q_merged_frame_0064_arena_5_20250307_110554_969,0.75,0.21213203435596428,0.875,0.10606601717798207,2,28.284271247461906,12.121830534626522
2025-01-29_17-41-03_076e2825a7274661bd0697c42d6fa4c0__1920x1088@25fps-28q_merged_frame_0034_arena_5_20250307_110512_168,0.75,0.07071067811865482,0.875,0.03535533905932741,2,9.428090415820643,4.040610178208847
2025-01-29_17-41-03_076e2825a7274661bd0697c42d6fa4c0__1920x1088@25fps-28q_merged_frame_0060_arena_2_20250307_110550_258,0.75,0.30413812651491096,0.84,0.11532562594670794,3,40.55175020198813,13.729241184131896
2025-01-29_17-41-03_076e2825a7274661bd0697c42d6fa4c0__1920x1088@25fps-28q_merged_frame_0066_arena_4_20250307_110557_338,0.75,0.07071067811865482,0.9,0.0,2,9.428090415820643,0.0
2025-01-29_17-41-03_076e2825a7274661bd0697c42d6fa4c0__1920x1088@25fps-28q_merged_frame_0052_arena_4_20250307_110540_678,0.75,0.21213203435596428,0.825,0.1767766952966369,2,28.284271247461906,21.42747821777417
2025-01-29_17-41-03_076e2825a7274661bd0697c42d6fa4c0__1920x1088@25fps-28q_merged_frame_0082_arena_5_20250307_110617_261,0.75,0.07071067811865482,0.875,0.03535533905932741,2,9.428090415820643,4.040610178208847
2025-01-29_17-41-03_076e2825a7274661bd0697c42d6fa4c0__1920x1088@25fps-28q_merged_frame_0080_arena_1_20250307_110615_044,0.7333333333333334,0.2081665999466133,0.8333333333333334,0.05773502691896257,3,28.386354538174537,6.928203230275508
2025-01-29_17-41-03_076e2825a7274661bd0697c42d6fa4c0__1920x1088@25fps-28q_merged_frame_0089_arena_1_20250307_110627_254,0.7333333333333334,0.11547005383792519,0.8666666666666667,0.05773502691896256,3,15.745916432444343,6.661733875264911
2025-01-29_17-41-03_076e2825a7274661bd0697c42d6fa4c0__1920x1088@25fps-28q_merged_frame_0016_arena_2_20250307_110442_456,0.7333333333333334,0.1527525231651947,0.8333333333333334,0.1040832999733066,3,20.82988952252655,12.489995996796791
2025-01-29_17-41-03_076e2825a7274661bd0697c42d6fa4c0__1920x1088@25fps-28q_merged_frame_0024_arena_5_20250307_110454_803,0.7333333333333334,0.2081665999466133,0.7000000000000001,0.4330127018922193,3,28.386354538174537,61.858957413174174
2025-01-29_17-41-03_076e2825a7274661bd0697c42d6fa4c0__1920x1088@25fps-28q_merged_frame_0067_arena_1_20250307_110558_466,0.7333333333333334,0.28867513459481287,0.6833333333333332,0.3403429642777023,3,39.364791081110845,49.80628745527351
2025-01-29_17-41-03_076e2825a7274661bd0697c42d6fa4c0__1920x1088@25fps-28q_merged_frame_0042_arena_4_20250307_110528_268,0.7333333333333334,0.2081665999466133,0.9,0.08660254037844381,3,28.386354538174537,9.622504486493757
2025-01-29_17-41-03_076e2825a7274661bd0697c42d6fa4c0__1920x1088@25fps-28q_merged_frame_0086_arena_5_20250307_110622_528,0.7333333333333334,0.28867513459481287,0.8666666666666667,0.07637626158259729,3,39.364791081110845,8.812645567222765
2025-01-29_17-41-03_076e2825a7274661bd0697c42d6fa4c0__1920x1088@25fps-28q_merged_frame_0008_arena_2_20250307_110426_460,0.7333333333333334,0.2081665999466133,0.85,0.13228756555322954,3,28.386354538174537,15.5632430062623
2025-01-29_17-41-03_076e2825a7274661bd0697c42d6fa4c0__1920x1088@25fps-28q_merged_frame_0041_arena_3_20250307_110526_950,0.7333333333333334,0.11547005383792519,0.9,0.08660254037844381,3,15.745916432444343,9.622504486493757
2025-01-29_17-41-03_076e2825a7274661bd0697c42d6fa4c0__1920x1088@25fps-28q_merged_frame_0003_arena_1_20250307_110419_228,0.7333333333333334,0.20816659994661327,0.8566666666666666,0.14011899704655803,3,28.386354538174537,16.356303157185764
2025-01-29_17-41-03_076e2825a7274661bd0697c42d6fa4c0__1920x1088@25fps-28q_merged_frame_0037_arena_1_20250307_110517_146,0.71,0.27622454633866267,0.8666666666666667,0.05773502691896256,3,38.90486568150179,6.661733875264911
2025-01-29_17-41-03_076e2825a7274661bd0697c42d6fa4c0__1920x1088@25fps-28q_merged_frame_0087_arena_5_20250307_110623_891,0.7000000000000001,0.17320508075688776,0.8666666666666667,0.05773502691896256,3,24.743582965269677,6.661733875264911
2025-01-29_17-41-03_076e2825a7274661bd0697c42d6fa4c0__1920x1088@25fps-28q_merged_frame_0009_arena_1_20250307_110427_665,0.7000000000000001,0.2645751311064591,0.65,0.5220153254455274,3,37.79644730092272,80.31005006854268
2025-01-29_17-41-03_076e2825a7274661bd0697c42d6fa4c0__1920x1088@25fps-28q_merged_frame_0081_arena_3_20250307_110616_153,0.7000000000000001,0.2645751311064591,0.9,0.08660254037844381,3,37.79644730092272,9.622504486493757
2025-01-29_17-41-03_076e2825a7274661bd0697c42d6fa4c0__1920x1088@25fps-28q_merged_frame_0055_arena_6_20250307_110544_516,0.7000000000000001,0.2,0.85,0.13228756555322954,3,28.57142857142857,15.5632430062623
2025-01-29_17-41-03_076e2825a7274661bd0697c42d6fa4c0__1920x1088@25fps-28q_merged_frame_0005_arena_2_20250307_110421_641,0.7000000000000001,0.2645751311064591,0.8333333333333334,0.05773502691896256,3,37.79644730092272,6.928203230275506
2025-01-29_17-41-03_076e2825a7274661bd0697c42d6fa4c0__1920x1088@25fps-28q_merged_frame_0028_arena_2_20250307_110503_183,0.7000000000000001,0.17320508075688776,0.9,0.0,3,24.743582965269677,0.0
2025-01-29_17-41-03_076e2825a7274661bd0697c42d6fa4c0__1920x1088@25fps-28q_merged_frame_0033_arena_2_20250307_110510_814,0.7000000000000001,0.17320508075688776,0.7333333333333334,0.1527525231651947,3,24.743582965269677,20.82988952252655
2025-01-29_17-41-03_076e2825a7274661bd0697c42d6fa4c0__1920x1088@25fps-28q_merged_frame_0087_arena_4_20250307_110623_891,0.7000000000000001,0.2645751311064591,0.85,0.13228756555322954,3,37.79644730092272,15.5632430062623
2025-01-29_17-41-03_076e2825a7274661bd0697c42d6fa4c0__1920x1088@25fps-28q_merged_frame_0078_arena_4_20250307_110612_197,0.7000000000000001,0.2645751311064591,0.8666666666666666,0.14433756729740646,3,37.79644730092272,16.654334688162287
2025-01-29_17-41-03_076e2825a7274661bd0697c42d6fa4c0__1920x1088@25fps-28q_merged_frame_0054_arena_1_20250307_110543_405,0.7000000000000001,0.2,0.6833333333333332,0.37859388972001823,3,28.57142857142857,55.40398386146609
2025-01-29_17-41-03_076e2825a7274661bd0697c42d6fa4c0__1920x1088@25fps-28q_merged_frame_0071_arena_1_20250307_110603_178,0.7000000000000001,0.2645751311064591,0.8166666666666668,0.18929694486000911,3,37.79644730092272,23.179217737960297
2025-01-29_17-41-03_076e2825a7274661bd0697c42d6fa4c0__1920x1088@25fps-28q_merged_frame_0075_arena_3_20250307_110607_898,0.7000000000000001,0.2645751311064591,0.8333333333333334,0.202072594216369,3,37.79644730092272,24.248711305964278
2025-01-29_17-41-03_076e2825a7274661bd0697c42d6fa4c0__1920x1088@25fps-28q_merged_frame_0079_arena_1_20250307_110613_926,0.7000000000000001,0.2645751311064591,0.9166666666666666,0.02886751345948125,3,37.79644730092272,3.1491832864888636
2025-01-29_17-41-03_076e2825a7274661bd0697c42d6fa4c0__1920x1088@25fps-28q_merged_frame_0068_arena_5_20250307_110559_737,0.7000000000000001,0.2645751311064591,0.9,0.08660254037844381,3,37.79644730092272,9.622504486493757
2025-01-29_17-41-03_076e2825a7274661bd0697c42d6fa4c0__1920x1088@25fps-28q_merged_frame_0016_arena_6_20250307_110442_456,0.7,,0.9,,1,,
2025-01-29_17-41-03_076e2825a7274661bd0697c42d6fa4c0__1920x1088@25fps-28q_merged_frame_0017_arena_5_20250307_110444_137,0.7,,0.9,,1,,
2025-01-29_17-41-03_076e2825a7274661bd0697c42d6fa4c0__1920x1088@25fps-28q_merged_frame_0025_arena_3_20250307_110456_529,0.7,0.14142135623730953,0.8500000000000001,0.07071067811865474,2,20.20305089104422,8.318903308077028
2025-01-29_17-41-03_076e2825a7274661bd0697c42d6fa4c0__1920x1088@25fps-28q_merged_frame_0015_arena_2_20250307_110439_817,0.7,,0.8,,1,,
2025-01-29_17-41-03_076e2825a7274661bd0697c42d6fa4c0__1920x1088@25fps-28q_merged_frame_0061_arena_1_20250307_110551_476,0.6666666666666666,0.23094010767585033,0.7999999999999999,0.17320508075688776,3,34.64101615137755,21.65063509461097
2025-01-29_17-41-03_076e2825a7274661bd0697c42d6fa4c0__1920x1088@25fps-28q_merged_frame_0055_arena_2_20250307_110544_516,0.6666666666666666,0.41633319989322654,0.93,0.0519615242270663,3,62.44997998398398,5.587260669577021
2025-01-29_17-41-03_076e2825a7274661bd0697c42d6fa4c0__1920x1088@25fps-28q_merged_frame_0068_arena_4_20250307_110559_737,0.6666666666666666,0.40414518843273806,0.8333333333333334,0.202072594216369,3,60.62177826491071,24.248711305964278
2025-01-29_17-41-03_076e2825a7274661bd0697c42d6fa4c0__1920x1088@25fps-28q_merged_frame_0045_arena_6_20250307_110532_471,0.6666666666666666,0.23094010767585033,0.7999999999999999,0.17320508075688776,3,34.64101615137755,21.65063509461097
2025-01-29_17-41-03_076e2825a7274661bd0697c42d6fa4c0__1920x1088@25fps-28q_merged_frame_0036_arena_5_20250307_110514_972,0.65,0.21213203435596428,0.875,0.10606601717798207,2,32.635697593225274,12.121830534626522
2025-01-29_17-41-03_076e2825a7274661bd0697c42d6fa4c0__1920x1088@25fps-28q_merged_frame_0079_arena_5_20250307_110613_926,0.65,0.21213203435596428,0.875,0.10606601717798207,2,32.635697593225274,12.121830534626522
2025-01-29_17-41-03_076e2825a7274661bd0697c42d6fa4c0__1920x1088@25fps-28q_merged_frame_0059_arena_3_20250307_110549_066,0.65,0.21213203435596428,0.825,0.03535533905932733,2,32.635697593225274,4.285495643554828
2025-01-29_17-41-03_076e2825a7274661bd0697c42d6fa4c0__1920x1088@25fps-28q_merged_frame_0085_arena_5_20250307_110621_270,0.65,0.21213203435596428,0.875,0.10606601717798207,2,32.635697593225274,12.121830534626522
2025-01-29_17-41-03_076e2825a7274661bd0697c42d6fa4c0__1920x1088@25fps-28q_merged_frame_0086_arena_6_20250307_110622_528,0.65,0.21213203435596428,0.875,0.10606601717798207,2,32.635697593225274,12.121830534626522
2025-01-29_17-41-03_076e2825a7274661bd0697c42d6fa4c0__1920x1088@25fps-28q_merged_frame_0048_arena_3_20250307_110536_142,0.6000000000000001,0.28284271247461906,0.8,0.14142135623730953,2,47.14045207910317,17.67766952966369
2025-01-29_17-41-03_076e2825a7274661bd0697c42d6fa4c0__1920x1088@25fps-28q_merged_frame_0024_arena_3_20250307_110454_803,0.6000000000000001,0.28284271247461906,0.875,0.10606601717798207,2,47.14045207910317,12.121830534626522
2025-01-29_17-41-03_076e2825a7274661bd0697c42d6fa4c0__1920x1088@25fps-28q_merged_frame_0064_arena_3_20250307_110554_969,0.6000000000000001,0.28284271247461906,0.8,0.14142135623730953,2,47.14045207910317,17.67766952966369
2025-01-29_17-41-03_076e2825a7274661bd0697c42d6fa4c0__1920x1088@25fps-28q_merged_frame_0073_arena_3_20250307_110605_437,0.6000000000000001,0.28284271247461906,0.8500000000000001,0.07071067811865474,2,47.14045207910317,8.318903308077028
2025-01-29_17-41-03_076e2825a7274661bd0697c42d6fa4c0__1920x1088@25fps-28q_merged_frame_0058_arena_6_20250307_110547_958,0.6000000000000001,0.28284271247461906,0.7749999999999999,0.24748737341529162,2,47.14045207910317,31.933854634231178
2025-01-29_17-41-03_076e2825a7274661bd0697c42d6fa4c0__1920x1088@25fps-28q_merged_frame_0054_arena_4_20250307_110543_405,0.6000000000000001,0.28284271247461906,0.8,0.14142135623730953,2,47.14045207910317,17.67766952966369
2025-01-29_17-41-03_076e2825a7274661bd0697c42d6fa4c0__1920x1088@25fps-28q_merged_frame_0033_arena_6_20250307_110510_814,0.6000000000000001,0.28284271247461906,0.725,0.31819805153394637,2,47.14045207910317,43.88938641847536
2025-01-29_17-41-03_076e2825a7274661bd0697c42d6fa4c0__1920x1088@25fps-28q_merged_frame_0047_arena_6_20250307_110534_943,0.6000000000000001,0.28284271247461906,0.7749999999999999,0.10606601717798214,2,47.14045207910317,13.685937700384795
2025-01-29_17-41-03_076e2825a7274661bd0697c42d6fa4c0__1920x1088@25fps-28q_merged_frame_0036_arena_2_20250307_110514_972,0.6000000000000001,0.28284271247461906,0.75,0.07071067811865482,2,47.14045207910317,9.428090415820643
2025-01-29_17-41-03_076e2825a7274661bd0697c42d6fa4c0__1920x1088@25fps-28q_merged_frame_0013_arena_6_20250307_110435_902,0.6,0.3464101615137755,0.6666666666666666,0.49328828623162474,3,57.73502691896258,73.99324293474372
2025-01-29_17-41-03_076e2825a7274661bd0697c42d6fa4c0__1920x1088@25fps-28q_merged_frame_0006_arena_1_20250307_110422_826,0.6,0.4358898943540674,0.6166666666666667,0.5346338310781813,3,72.6483157256779,86.69737801267804
2025-01-29_17-41-03_076e2825a7274661bd0697c42d6fa4c0__1920x1088@25fps-28q_merged_frame_0030_arena_4_20250307_110506_951,0.6,0.34641016151377546,0.8300000000000001,0.14730919862656236,3,57.73502691896258,17.74809622006775
2025-01-29_17-41-03_076e2825a7274661bd0697c42d6fa4c0__1920x1088@25fps-28q_merged_frame_0068_arena_2_20250307_110559_737,0.6,0.42426406871192857,0.825,0.1767766952966369,2,70.71067811865477,21.42747821777417
2025-01-29_17-41-03_076e2825a7274661bd0697c42d6fa4c0__1920x1088@25fps-28q_merged_frame_0005_arena_6_20250307_110421_641,0.6,0.4358898943540674,0.6833333333333332,0.41932485418030413,3,72.6483157256779,61.36461280687379
2025-01-29_17-41-03_076e2825a7274661bd0697c42d6fa4c0__1920x1088@25fps-28q_merged_frame_0048_arena_6_20250307_110536_142,0.6,0.3464101615137755,0.7333333333333334,0.28867513459481287,3,57.73502691896258,39.364791081110845
2025-01-29_17-41-03_076e2825a7274661bd0697c42d6fa4c0__1920x1088@25fps-28q_merged_frame_0022_arena_1_20250307_110451_641,0.6,,0.8,,1,,
2025-01-29_17-41-03_076e2825a7274661bd0697c42d6fa4c0__1920x1088@25fps-28q_merged_frame_0007_arena_4_20250307_110424_554,0.6,0.4358898943540674,0.6833333333333332,0.41932485418030413,3,72.6483157256779,61.36461280687379
2025-01-29_17-41-03_076e2825a7274661bd0697c42d6fa4c0__1920x1088@25fps-28q_merged_frame_0049_arena_2_20250307_110537_312,0.5666666666666668,0.49328828623162474,0.6166666666666667,0.5346338310781813,3,87.05087404087493,86.69737801267804
2025-01-29_17-41-03_076e2825a7274661bd0697c42d6fa4c0__1920x1088@25fps-28q_merged_frame_0003_arena_4_20250307_110419_228,0.5666666666666668,0.49328828623162474,0.9500000000000001,0.04999999999999999,3,87.05087404087493,5.263157894736841
2025-01-29_17-41-03_076e2825a7274661bd0697c42d6fa4c0__1920x1088@25fps-28q_merged_frame_0038_arena_5_20250307_110519_535,0.5666666666666668,0.49328828623162474,0.6166666666666667,0.5346338310781813,3,87.05087404087493,86.69737801267804
2025-01-29_17-41-03_076e2825a7274661bd0697c42d6fa4c0__1920x1088@25fps-28q_merged_frame_0056_arena_3_20250307_110545_647,0.5666666666666668,0.49328828623162474,0.6,0.5196152422706632,3,87.05087404087493,86.60254037844388
2025-01-29_17-41-03_076e2825a7274661bd0697c42d6fa4c0__1920x1088@25fps-28q_merged_frame_0056_arena_2_20250307_110545_647,0.5666666666666667,0.41633319989322654,0.7166666666666667,0.448144321991625,3,73.47056468703997,62.53176585929652
2025-01-29_17-41-03_076e2825a7274661bd0697c42d6fa4c0__1920x1088@25fps-28q_merged_frame_0052_arena_2_20250307_110540_678,0.55,0.21213203435596423,0.65,0.21213203435596428,2,38.56946079199349,32.635697593225274
2025-01-29_17-41-03_076e2825a7274661bd0697c42d6fa4c0__1920x1088@25fps-28q_merged_frame_0068_arena_3_20250307_110559_737,0.5499999999999999,0.4821825380496478,0.5833333333333334,0.5107184482014855,3,87.66955237266323,87.5517339773975
2025-01-29_17-41-03_076e2825a7274661bd0697c42d6fa4c0__1920x1088@25fps-28q_merged_frame_0055_arena_4_20250307_110544_516,0.5333333333333333,0.46188021535170065,0.9500000000000001,0.04999999999999999,3,86.60254037844388,5.263157894736841
2025-01-29_17-41-03_076e2825a7274661bd0697c42d6fa4c0__1920x1088@25fps-28q_merged_frame_0080_arena_3_20250307_110615_044,0.5333333333333333,0.46188021535170065,0.6466666666666666,0.5603867711976553,3,86.60254037844388,86.65774812334878
2025-01-29_17-41-03_076e2825a7274661bd0697c42d6fa4c0__1920x1088@25fps-28q_merged_frame_0086_arena_2_20250307_110622_528,0.5333333333333333,0.46188021535170065,0.64,0.5556977595779922,3,86.60254037844388,86.82777493406128
2025-01-29_17-41-03_076e2825a7274661bd0697c42d6fa4c0__1920x1088@25fps-28q_merged_frame_0046_arena_3_20250307_110533_714,0.5,0.5656854249492381,0.675,0.3889087296526011,2,113.13708498984762,57.61610809668164
2025-01-29_17-41-03_076e2825a7274661bd0697c42d6fa4c0__1920x1088@25fps-28q_merged_frame_0053_arena_4_20250307_110542_213,0.5,0.42426406871192857,0.7,0.28284271247461906,2,84.8528137423857,40.40610178208844
2025-01-29_17-41-03_076e2825a7274661bd0697c42d6fa4c0__1920x1088@25fps-28q_merged_frame_0081_arena_5_20250307_110616_153,0.5,0.5656854249492381,0.575,0.5303300858899106,2,113.13708498984762,92.23131928520185
2025-01-29_17-41-03_076e2825a7274661bd0697c42d6fa4c0__1920x1088@25fps-28q_merged_frame_0087_arena_6_20250307_110623_891,0.5,0.43588989435406733,0.9,0.09999999999999998,3,87.17797887081346,11.111111111111107
2025-01-29_17-41-03_076e2825a7274661bd0697c42d6fa4c0__1920x1088@25fps-28q_merged_frame_0016_arena_1_20250307_110442_456,0.4666666666666666,0.41633319989322654,0.5833333333333334,0.5107184482014855,3,89.21425711997712,87.5517339773975
2025-01-29_17-41-03_076e2825a7274661bd0697c42d6fa4c0__1920x1088@25fps-28q_merged_frame_0034_arena_3_20250307_110512_168,0.4666666666666666,0.41633319989322654,0.9166666666666666,0.1040832999733066,3,89.21425711997712,11.354541815269812
2025-01-29_17-41-03_076e2825a7274661bd0697c42d6fa4c0__1920x1088@25fps-28q_merged_frame_0024_arena_1_20250307_110454_803,0.45,0.6363961030678927,0.4,0.5656854249492381,2,141.42135623730948,141.4213562373095
2025-01-29_17-41-03_076e2825a7274661bd0697c42d6fa4c0__1920x1088@25fps-28q_merged_frame_0072_arena_2_20250307_110604_297,0.45,0.6363961030678927,0.4,0.5656854249492381,2,141.42135623730948,141.4213562373095
2025-01-29_17-41-03_076e2825a7274661bd0697c42d6fa4c0__1920x1088@25fps-28q_merged_frame_0067_arena_2_20250307_110558_466,0.45,0.6363961030678927,0.475,0.6717514421272202,2,141.42135623730948,141.4213562373095
2025-01-29_17-41-03_076e2825a7274661bd0697c42d6fa4c0__1920x1088@25fps-28q_merged_frame_0014_arena_1_20250307_110437_738,0.45,0.6363961030678927,0.475,0.6717514421272202,2,141.42135623730948,141.4213562373095
2025-01-29_17-41-03_076e2825a7274661bd0697c42d6fa4c0__1920x1088@25fps-28q_merged_frame_0065_arena_1_20250307_110556_226,0.4,0.5656854249492381,0.45,0.6363961030678927,2,141.4213562373095,141.42135623730948
2025-01-29_17-41-03_076e2825a7274661bd0697c42d6fa4c0__1920x1088@25fps-28q_merged_frame_0026_arena_1_20250307_110458_787,0.4,,0.8,,1,,
2025-01-29_17-41-03_076e2825a7274661bd0697c42d6fa4c0__1920x1088@25fps-28q_merged_frame_0076_arena_2_20250307_110609_051,0.35,0.21213203435596426,0.6000000000000001,0.28284271247461906,2,60.60915267313265,47.14045207910317
2025-01-29_17-41-03_076e2825a7274661bd0697c42d6fa4c0__1920x1088@25fps-28q_merged_frame_0078_arena_2_20250307_110612_197,0.3333333333333333,0.4932882862316247,0.7166666666666667,0.448144321991625,3,147.9864858694874,62.53176585929652
2025-01-29_17-41-03_076e2825a7274661bd0697c42d6fa4c0__1920x1088@25fps-28q_merged_frame_0030_arena_6_20250307_110506_951,0.3166666666666667,0.2843120351538664,0.4333333333333333,0.37859388972001823,3,89.78274794332621,87.3678207046196
2025-01-29_17-41-03_076e2825a7274661bd0697c42d6fa4c0__1920x1088@25fps-28q_merged_frame_0063_arena_3_20250307_110553_859,0.3,0.4242640687119285,0.4,0.5656854249492381,2,141.4213562373095,141.4213562373095
2025-01-29_17-41-03_076e2825a7274661bd0697c42d6fa4c0__1920x1088@25fps-28q_merged_frame_0040_arena_4_20250307_110524_747,0.1,,0.9,,1,,
2025-01-29_17-41-03_076e2825a7274661bd0697c42d6fa4c0__1920x1088@25fps-28q_merged_frame_0080_arena_6_20250307_110615_044,0.0666666666666667,0.9451631252505217,0.5,0.45825756949558405,3,1417.744687875782,91.65151389911681
2025-01-29_17-41-03_076e2825a7274661bd0697c42d6fa4c0__1920x1088@25fps-28q_merged_frame_0085_arena_2_20250307_110621_270,0.0,,0.0,,1,,
